pdb,complex,labels,chain_prot1,chain_prot2,ab_chain,ag_chain
6x98,6x98_TE98V,-1.1149000000000004,FE,C,FE,C
5w23,5w23_DH51L,0.8132000000000019,HL,C,HL,C
4w6w,4w6w_NA111S,0.2847599999999994,B,A,B,A
7m6i,7m6i_FM55P,-2.2088,MN,A,MN,A
4dtg,4dtg_YK22M,-0.6476000000000006,HL,K,HL,K
5c8j,5c8j_YE57I,-1.36635,EF,J,EF,J
4utb,4utb_TB65D,-0.35792,IM,B,IM,B
2xqy,2xqy_YG103Q,-2.3439,GL,A,GL,A
3qsk,3qsk_YB33D,-0.1595000000000013,B,A,B,A
6ayz,6ayz_YR54R,-4.092300000000002,RC,M,RC,M
7lcv,7lcv_YA104N,-0.7409999999999997,AB,C,AB,C
6woq,6woq_AG50M,0.2239000000000004,GH,F,GH,F
7pij,7pij_PB265Y,-0.3184499999999994,N,B,N,B
2xqb,2xqb_LH105Y,-0.9953000000000004,HL,A,HL,A
6x06,6x06_GK98Q,-0.5690999999999988,K,A,K,A
5e5m,5e5m_EG54W,-1.2124999999999986,H,G,H,G
7d6i,7d6i_AA40K,-0.8101200000000004,BC,A,BC,A
3eob,3eob_YA49Q,-0.2807700000000004,BA,J,BA,J
3lev,3lev_PH103T,0.5678999999999981,HL,A,HL,A
3u9p,3u9p_LC8R,-2.8079,KM,C,KM,C
7l0n,7l0n_FS50P,-0.1853999999999995,MN,S,MN,S
7mf1,7mf1_SA161Q,-0.8232999999999997,HL,A,HL,A
2kh2,2kh2_AA1Q,0.00659,B,A,B,A
4dk3,4dk3_TA108F,-6.980799999999999,A,C,A,C
1fe8,1fe8_RC107G,-0.4542999999999999,JN,C,JN,C
7l7r,7l7r_LB103P,-0.3612000000000002,BA,G,BA,G
6wio,6wio_GB93N,-0.0754000000000001,AB,C,AB,C
5tud,5tud_TC104G,-2.0115000000000016,CB,A,CB,A
4lsu,4lsu_NG315Q,1.964500000000001,HL,G,HL,G
7tzg,7tzg_QC314D,0.93241,B,C,B,C
6uc6,6uc6_IB327R,-0.8220999999999989,D,B,D,B
3qsk,3qsk_NA66A,0.1448,B,A,B,A
4k8r,4k8r_YD58Q,-1.5509000000000004,DC,B,DC,B
7swd,7swd_HI148L,0.8834799999999996,I,B,I,B
6nf5,6nf5_HC280A,-0.9296000000000006,EF,C,EF,C
5jmo,5jmo_NA449H,-0.3350000000000008,C,A,C,A
6ln2,6ln2_YB93K,-1.7653,CB,A,CB,A
5otj,5otj_QC39H,0.3374000000000006,HL,C,HL,C
5wb9,5wb9_LH54M,0.3309800000000003,HL,G,HL,G
7mjj,7mjj_TA371D,0.3161999999999985,DE,A,DE,A
6flc,6flc_HH106M,1.1682999999999986,HL,G,HL,G
7cyv,7cyv_RB22P,-1.98143,H,B,H,B
6n8d,6n8d_IE31R,-0.0719799999999999,FE,C,FE,C
2r0l,2r0l_RH102N,-0.7103000000000002,HL,A,HL,A
7chs,7chs_YE89I,-1.0446999999999989,HL,E,HL,E
4k24,4k24_IH100L,-0.9524199999999996,HL,U,HL,U
3bn9,3bn9_NA90K,-1.4921000000000006,FE,A,FE,A
7c01,7c01_GA170F,1.0479999999999985,HL,A,HL,A
6n81,6n81_EB240A,-0.0469000000000008,CD,B,CD,B
7bep,7bep_CC30A,-0.0457999999999998,GI,C,GI,C
7ldj,7ldj_DE30I,0.0968000000000017,E,B,E,B
5f6j,5f6j_SB54N,-0.20018,BA,G,BA,G
4hj0,4hj0_AC102M,-2.702300000000001,CD,B,CD,B
6bkd,6bkd_LE7S,-2.51303,HL,E,HL,E
7q9g,7q9g_TB470D,0.1243000000000016,EF,B,EF,B
6xkq,6xkq_DH110G,-0.2361000000000004,HL,A,HL,A
7d5p,7d5p_NB251Q,0.2545000000000001,D,B,D,B
5d72,5d72_KL50H,0.0904000000000024,HL,A,HL,A
6ysq,6ysq_GA565H,-1.3896999999999995,C,A,C,A
6iap,6iap_LA42G,1.1931000000000012,ED,A,ED,A
3rvv,3rvv_YA204W,-1.6927000000000003,DC,A,DC,A
7dkj,7dkj_YL49C,-1.8367000000000004,KL,I,KL,I
6p50,6p50_EC33Q,-0.9056500000000004,HL,C,HL,C
7cwn,7cwn_QC394G,-0.2027000000000001,HN,C,HN,C
3v7a,3v7a_RB255E,-2.1525,FG,B,FG,B
6uta,6uta_GH56V,0.8255499999999998,HL,E,HL,E
5x8l,5x8l_EC28K,0.7553999999999981,HM,C,HM,C
7nqa,7nqa_FB147G,-1.0151999999999963,C,B,C,B
4ut6,4ut6_YI109E,1.14203,IM,B,IM,B
2ghw,2ghw_YC174D,-3.2280999999999995,D,C,D,C
7tpr,7tpr_IC404E,-0.2430999999999983,E,C,E,C
6n5b,6n5b_VB169D,-1.539200000000001,HL,B,HL,B
5eu7,5eu7_RB122L,0.2753000000000014,FD,B,FD,B
5f7l,5f7l_GD26M,4.269469999999998,D,C,D,C
6ayz,6ayz_SR59N,0.8746000000000009,RC,M,RC,M
5hdq,5hdq_EA228H,-0.2323000000000004,HL,A,HL,A
6k65,6k65_AA45W,-1.3877000000000024,HL,A,HL,A
7b3o,7b3o_DE86C,-0.9164999999999992,HL,E,HL,E
2xqb,2xqb_IA64E,-1.0822000000000005,HL,A,HL,A
6apd,6apd_YK59Q,-0.7714999999999996,KM,B,KM,B
4j6r,4j6r_GG324D,-0.3566199999999995,HL,G,HL,G
6ieb,6ieb_GF25Q,2.55689,EF,B,EF,B
5k9q,5k9q_WR17G,-0.2967999999999993,XY,R,XY,R
7bei,7bei_SL30Q,0.4602000000000004,HL,E,HL,E
4xnz,4xnz_RB27S,-0.1180000000000003,BC,A,BC,A
4hg4,4hg4_KH153P,2.37666,XY,H,XY,H
6pzf,6pzf_DA258I,0.2234000000000016,HL,A,HL,A
4yc2,4yc2_QA70G,0.0659999999999989,BC,A,BC,A
6dfj,6dfj_GE86K,-6.0883,HL,E,HL,E
4g6m,4g6m_YA89H,-0.049599999999998,HL,A,HL,A
6d2p,6d2p_GC139W,0.1855999999999991,HL,C,HL,C
7oan,7oan_HG32D,-0.3268599999999999,G,B,G,B
7c2l,7c2l_KA137W,-0.7896999999999998,HL,A,HL,A
3ux9,3ux9_PA18M,-0.7378999999999998,B,A,B,A
1jhl,1jhl_KA116P,-2.59312,HL,A,HL,A
6vo1,6vo1_YH33C,-1.4803999999999995,HL,A,HL,A
5d72,5d72_YL33A,0.2782000000000018,HL,A,HL,A
4j4p,4j4p_DL98A,0.1711000000000009,HL,A,HL,A
5f7n,5f7n_GA396I,-18.416294,C,A,C,A
1mel,1mel_IL58P,0.2406000000000006,A,L,A,L
5nmv,5nmv_YH106M,0.5985000000000014,HL,K,HL,K
7mfu,7mfu_YD118M,-0.7350999999999992,E,D,E,D
5d8j,5d8j_VA27T,-0.261099999999999,HL,A,HL,A
4lhq,4lhq_ED103R,0.1750000000000007,D,C,D,C
5vqm,5vqm_SD103Y,-1.6584999999999963,DC,B,DC,B
7mfu,7mfu_RE45M,-2.6737,E,D,E,D
4kuc,4kuc_YH97I,1.89389,HD,A,HD,A
7cm4,7cm4_RH109W,0.0372999999999983,HL,A,HL,A
3ux9,3ux9_WB98H,-1.1447000000000005,B,A,B,A
4s1s,4s1s_QH63W,1.1371099999999998,HL,G,HL,G
5zs0,5zs0_EC107H,-2.6740699999999995,BA,C,BA,C
6v4n,6v4n_YH53E,-1.8655000000000008,HL,N,HL,N
6uym,6uym_YL89E,0.5790000000000006,HL,E,HL,E
5wi9,5wi9_IE2A,-0.343399999999999,FE,B,FE,B
7kpj,7kpj_ND77M,1.405179,CD,F,CD,F
3w9e,3w9e_AC215S,-0.4517999999999986,AB,C,AB,C
6zpl,6zpl_WF57L,-0.7801999999999989,F,A,F,A
6o3b,6o3b_EC43C,1.8021,BA,C,BA,C
1xgu,1xgu_KC97D,-2.99955,BA,C,BA,C
6f2g,6f2g_GB102H,-8.484280000000002,B,A,B,A
7kex,7kex_SK94F,-7.468499999999999,HK,B,HK,B
6a4k,6a4k_GH57D,-3.37695,HL,A,HL,A
7czw,7czw_RJ101Q,0.3279899999999998,JN,C,JN,C
1fj1,1fj1_DD31M,-0.1425,DC,E,DC,E
6ktr,6ktr_DF99T,-0.1219000000000001,FG,D,FG,D
7ey0,7ey0_FR157M,-0.4866599999999996,AB,R,AB,R
7pnm,7pnm_LL55A,-1.1059900000000005,HL,A,HL,A
5wb9,5wb9_SL22K,-0.0432100000000001,HL,G,HL,G
6p3s,6p3s_SR155H,-6.850725199999999,PQ,R,PQ,R
7chs,7chs_QL27V,0.3154000000000003,HL,E,HL,E
5wux,5wux_YA100H,-1.8966,AB,F,AB,F
7bz5,7bz5_SL31H,-1.1176999999999992,HL,A,HL,A
7czu,7czu_YA411L,-0.8440800000000004,HK,A,HK,A
4y5y,4y5y_YD32Q,-2.3358999999999988,DE,F,DE,F
4edw,4edw_GH31F,0.1669900000000002,HL,V,HL,V
7m1h,7m1h_EA95G,-0.418140000000001,D,A,D,A
7mhz,7mhz_YO99I,-0.0353799999999999,OP,A,OP,A
4weu,4weu_WD53H,-1.1432899999999997,D,B,D,B
7tdm,7tdm_SH53L,-2.20211,HL,B,HL,B
6vo3,6vo3_IC310A,-0.5873600000000003,GJ,C,GJ,C
6nyq,6nyq_YH59L,-0.4239499999999996,HL,C,HL,C
7wee,7wee_KE111H,0.0256899999999999,HL,E,HL,E
4zpt,4zpt_VR147Q,-0.5485000000000007,AB,R,AB,R
3zkm,3zkm_SA243G,-0.5444999999999993,HL,A,HL,A
6apd,6apd_SM94A,-0.9177999999999996,KM,B,KM,B
7e86,7e86_DC87P,-3.0127000000000024,AB,C,AB,C
4rgn,4rgn_NG31M,0.7598000000000003,FG,S,FG,S
6k65,6k65_GH33Q,-3.3694000000000024,HL,A,HL,A
4etq,4etq_YB31R,-0.4846000000000003,AB,X,AB,X
5e5m,5e5m_TH97R,-0.5236999999999981,H,G,H,G
7lxz,7lxz_TB227H,0.2523999999999997,GI,B,GI,B
4etq,4etq_EX209Y,-4.965399999999999,AB,X,AB,X
2vir,2vir_NB56M,0.48475,BA,C,BA,C
6xlq,6xlq_EA32Y,0.6372,BC,A,BC,A
4xvt,4xvt_KH52W,1.5221999999999998,HL,G,HL,G
5vic,5vic_FL91V,-0.0707000000000004,HL,E,HL,E
5boz,5boz_RA162Q,0.191200000000002,G,A,G,A
7ly3,7ly3_WE95S,-0.7241,FE,B,FE,B
6ieb,6ieb_DB23T,1.05858,EF,B,EF,B
1dzb,1dzb_KB30H,-0.0091999999999998,B,Y,B,Y
6dzv,6dzv_YA134P,0.4424700000000001,BC,A,BC,A
5fec,5fec_QH65N,2.32081,HL,I,HL,I
5occ,5occ_VA105Y,1.4449000000000003,HL,A,HL,A
4h88,4h88_NA19W,-5.3017,HL,A,HL,A
4k9e,4k9e_MC8K,-0.7688999999999986,HL,C,HL,C
6uym,6uym_GH104W,1.1267000000000014,HL,E,HL,E
7qny,7qny_TA57D,0.3931000000000004,AB,E,AB,E
2ybr,2ybr_EF15A,-2.344099999999999,DE,F,DE,F
7q0h,7q0h_GE171Y,0.5770999999999997,HL,E,HL,E
6vca,6vca_RK98P,-0.384813,KJ,C,KJ,C
6ayz,6ayz_SR57Y,-1.5698000000000008,RC,M,RC,M
7jie,7jie_TB90G,-3.00106,CD,B,CD,B
3rvv,3rvv_YC32R,-1.114800000000001,DC,A,DC,A
7cj2,7cj2_MK34H,-0.0378000000000007,KL,B,KL,B
5ug0,5ug0_YC32D,-0.817400000000001,DC,A,DC,A
7kdd,7kdd_LD109Y,1.11986,DE,A,DE,A
6meh,6meh_VH114M,4.3356,HL,C,HL,C
6mlk,6mlk_NH51Y,-1.2599,HL,A,HL,A
7whk,7whk_RG56P,0.8486099999999999,G,A,G,A
7l7r,7l7r_YA53Q,-0.6242999999999981,BA,G,BA,G
5vqm,5vqm_AB350Y,-0.3003999999999998,DC,B,DC,B
7kkk,7kkk_LC368A,-0.5356000000000005,D,C,D,C
5ja9,5ja9_RB35T,-3.5585999999999984,B,D,B,D
1jto,1jto_NL103W,0.6845999999999997,A,L,A,L
7kgv,7kgv_PB262D,-0.3948499999999999,CE,B,CE,B
5jq6,5jq6_SA211M,1.1284000000000027,HL,A,HL,A
7m8j,7m8j_TH27S,-0.5982000000000003,HL,A,HL,A
3wsq,3wsq_YH103L,0.3172099999999993,HL,A,HL,A
3zkx,3zkx_EA83D,-2.765699999999999,B,A,B,A
6a79,6a79_KA50P,0.1759999999999983,HL,A,HL,A
5mhr,5mhr_EF127A,-3.0890700000000004,NG,F,NG,F
7m30,7m30_VC35A,-0.5944000000000003,MN,C,MN,C
6yye,6yye_YC218G,-4.849,C,A,C,A
5yoy,5yoy_IG102D,-2.8058,GD,B,GD,B
6hhu,6hhu_SG27M,-0.0808999999999997,G,A,G,A
4rrp,4rrp_KR17H,-0.2294999999999998,LF,R,LF,R
4xnz,4xnz_QA277N,-0.0009999999999994,BC,A,BC,A
4bz1,4bz1_WH33D,-2.121270000000001,HL,A,HL,A
6ukj,6ukj_WH107A,-1.2876000000000012,HL,A,HL,A
6j11,6j11_VC2E,0.09619,DE,C,DE,C
2fjh,2fjh_YW9G,-1.767900000000001,BA,W,BA,W
7can,7can_VA48T,-0.1169000000000011,A,B,A,B
7mzm,7mzm_EA151D,0.3649999999999984,HL,A,HL,A
7cm4,7cm4_LA161H,-0.3446999999999995,HL,A,HL,A
5x8l,5x8l_WH33Q,-1.9547000000000008,HM,C,HM,C
4n9o,4n9o_IA65W,-9.32714,B,A,B,A
3pgf,3pgf_IA320M,0.4943000000000026,HL,A,HL,A
6n5d,6n5d_SD95V,-0.6117000000000008,CD,A,CD,A
7s2s,7s2s_DB87W,-14.85882,C,B,C,B
5uk2,5uk2_DC222P,-0.1305579999999999,H,C,H,C
7ly3,7ly3_IE91R,-2.671800000000001,FE,B,FE,B
7elx,7elx_Kc93M,-0.0866000000000006,hl,c,hl,c
2xqy,2xqy_PA191I,-1.4086,GL,A,GL,A
4nik,4nik_SB50N,0.004999999999999,B,A,B,A
7n3i,7n3i_YL32H,-0.2265000000000014,HL,C,HL,C
6iuv,6iuv_IA68F,-0.7431000000000001,HL,A,HL,A
3bn9,3bn9_SF54V,-1.2040000000000006,FE,A,FE,A
4j6r,4j6r_NG313M,1.02327,HL,G,HL,G
6ss4,6ss4_AH99D,-3.374299999999998,HL,A,HL,A
7oay,7oay_VI52S,-0.0718999999999994,J,I,J,I
7uap,7uap_QB164S,-0.9742500000000004,MN,B,MN,B
7mm0,7mm0_SL32E,0.2161900000000001,HL,A,HL,A
4kvn,4kvn_DA327M,3.022599999999997,HL,A,HL,A
3n85,3n85_LA472Q,-0.632200000000001,HL,A,HL,A
6pis,6pis_HA49D,-2.7720900000000004,IM,A,IM,A
6b0n,6b0n_RD62N,-0.0083299999999999,DE,G,DE,G
2h32,2h32_TB40A,-0.0003000000000028,HA,B,HA,B
6was,6was_YA32C,-0.3966999999999991,AB,G,AB,G
6x4t,6x4t_SA110C,1.171800000000001,DF,A,DF,A
3j8w,3j8w_YL30D,2.253299999999996,HL,E,HL,E
6ywd,6ywd_FA103V,-1.484300000000001,AB,C,AB,C
6xpy,6xpy_RA180A,-1.6951999999999998,BC,A,BC,A
6e56,6e56_DD232I,-0.4095000000000013,GI,D,GI,D
7l7e,7l7e_Gb143V,-2.14297,TU,b,TU,b
6sni,6sni_TH73W,1.8543000000000005,HL,X,HL,X
4irz,4irz_PL54Q,0.0863999999999993,HL,A,HL,A
7k9j,7k9j_AC257M,-0.0368899999999996,JN,C,JN,C
4kml,4kml_GA8T,-0.4836000000000009,B,A,B,A
5utz,5utz_SC31T,-0.244200000000001,BC,A,BC,A
3thm,3thm_RL31H,0.4933000000000014,HL,F,HL,F
7ey0,7ey0_TR137V,1.0651600000000006,AB,R,AB,R
7dzx,7dzx_KC51N,-1.28573,HL,C,HL,C
5jq6,5jq6_SL99Y,0.2983000000000011,HL,A,HL,A
4xny,4xny_EL93V,-2.116600000000002,HL,G,HL,G
7rxj,7rxj_EG8P,-0.6235999999999997,AB,G,AB,G
7rbu,7rbu_YH103T,-0.016,HL,B,HL,B
7anq,7anq_GB42L,0.0924000000000013,B,A,B,A
7wph,7wph_YL92P,-0.2576,HL,B,HL,B
5do2,5do2_VA150D,0.0120000000000004,HL,A,HL,A
7daa,7daa_EA51S,0.5817999999999977,HL,A,HL,A
6rag,6rag_IB547A,-1.0387000000000004,C,B,C,B
6chb,6chb_FM54K,-0.1549500000000003,MN,F,MN,F
5e5m,5e5m_KH96G,-4.506499999999999,H,G,H,G
6jhs,6jhs_NE101V,0.7314799999999995,ED,C,ED,C
5vkd,5vkd_QA22N,0.0328000000000017,HL,A,HL,A
4dtg,4dtg_YK22L,-1.2547999999999997,HL,K,HL,K
4ydj,4ydj_DH115Q,-1.6300000000000008,HL,G,HL,G
7eo0,7eo0_KH64F,-0.1341999999999998,HL,3,HL,3
4g80,4g80_VS97E,-0.2847369999999999,AB,S,AB,S
7ls9,7ls9_SC456G,1.1625500000000013,EG,C,EG,C
7kqg,7kqg_SB104M,-1.9428000000000016,BC,A,BC,A
4ydl,4ydl_IG232Y,-0.2948000000000004,HL,G,HL,G
6bkd,6bkd_TE19D,0.655190000000001,HL,E,HL,E
7lvw,7lvw_WI109F,-1.736699999999999,I,D,I,D
5gru,5gru_SA205W,0.8526999999999987,HL,A,HL,A
5m15,5m15_SC115A,-0.736699999999999,C,A,C,A
5ywo,5ywo_KC124D,1.9346700000000008,NM,C,NM,C
5if0,5if0_NH54C,0.9232000000000014,HL,G,HL,G
4k9e,4k9e_VC15Q,-3.7925,HL,C,HL,C
5o1r,5o1r_AH105W,2.4216999999999995,HL,A,HL,A
2ybr,2ybr_ID58H,-1.280599999999998,DE,F,DE,F
6xpq,6xpq_LB105A,-0.5774300000000014,BC,A,BC,A
7n4m,7n4m_AL30C,-0.2187800000000002,HL,A,HL,A
7pqz,7pqz_VH2R,1.3789000000000016,HL,E,HL,E
5m94,5m94_RD52F,-0.5947000000000013,D,C,D,C
7rk2,7rk2_DA168V,-0.8234999999999992,D,A,D,A
6cxy,6cxy_NH56C,-0.8549000000000007,HL,C,HL,C
6n8d,6n8d_VC180C,0.0015599999999995,FE,C,FE,C
7c6a,7c6a_YH33L,-1.716000000000001,HL,A,HL,A
2zjs,2zjs_FY352Q,0.2755999999999989,HL,Y,HL,Y
2r0l,2r0l_TH58Q,-0.0538999999999987,HL,A,HL,A
1kxt,1kxt_SB99Q,0.41202,B,A,B,A
5gs0,5gs0_SC29R,0.1507000000000005,DC,A,DC,A
7np1,7np1_YB125W,-1.419599999999999,IM,B,IM,B
4k2u,4k2u_FH101A,-3.4326000000000008,HL,A,HL,A
7qn8,7qn8_DC133P,0.3044999999999991,L,C,L,C
1xgu,1xgu_NC93W,1.6631,BA,C,BA,C
6o3a,6o3a_LE42G,-0.5939000000000014,BA,E,BA,E
7ls9,7ls9_YE116S,0.7935200000000009,EG,C,EG,C
5lqb,5lqb_LH33D,-1.9356000000000009,HL,A,HL,A
6p3r,6p3r_SA28Y,1.378,AB,L,AB,L
7sp7,7sp7_WA443E,0.5946999999999996,B,A,B,A
7rd5,7rd5_WC32V,-1.017479999999999,DC,E,DC,E
5boz,5boz_NA132G,0.5675000000000026,G,A,G,A
7dq7,7dq7_YH54F,-0.698391,HL,B,HL,B
4utb,4utb_VB94M,2.21077,IM,B,IM,B
6dzv,6dzv_NA139E,0.3557700000000006,BC,A,BC,A
4y5x,4y5x_FF77R,-1.7066999999999997,DE,F,DE,F
6sc5,6sc5_EA150A,-0.381730000000001,B,A,B,A
4z5r,4z5r_QD32N,-0.316200000000002,KJ,D,KJ,D
6ayz,6ayz_LM5D,0.6402999999999999,RC,M,RC,M
7nd0,7nd0_NH29P,2.065722,HL,A,HL,A
6cdi,6cdi_AD1Y,-6.494940000000001,HL,D,HL,D
5f7y,5f7y_QA337H,-0.4146999999999998,C,A,C,A
7wee,7wee_RE17E,-0.4154400000000002,HL,E,HL,E
4fp8,4fp8_EK115H,0.3269899999999994,KO,D,KO,D
7jix,7jix_KA146G,0.183489999999999,HL,A,HL,A
6b0e,6b0e_AE138I,0.6842000000000006,BA,E,BA,E
7ps0,7ps0_VA110F,-1.1468000000000007,BC,A,BC,A
4bz1,4bz1_FL97T,-0.6304999999999996,HL,A,HL,A
5vl7,5vl7_LH105S,-2.6981,HL,B,HL,B
7phw,7phw_TD97R,7.13133,EF,D,EF,D
7jkt,7jkt_SG224I,-0.3506,HL,G,HL,G
7kf9,7kf9_NA209C,-0.2560000000000002,GJ,A,GJ,A
3ehb,3ehb_YD92G,-0.8481000000000005,CD,B,CD,B
6l62,6l62_FH101R,1.1445000000000007,HL,A,HL,A
7b3o,7b3o_SH56W,-3.228200000000001,HL,E,HL,E
6c6z,6c6z_GC109M,1.8923000000000023,CD,A,CD,A
4rgn,4rgn_LG102H,0.3264999999999993,FG,S,FG,S
4d9r,4d9r_EA166A,-0.7952000000000012,HL,A,HL,A
7chz,7chz_QI31W,-1.0411,HL,I,HL,I
7kmg,7kmg_NC148K,0.0667000000000008,AB,C,AB,C
2xra,2xra_HA22N,-0.6774999999999984,HL,A,HL,A
2h32,2h32_VH131K,0.1826999999999969,HA,B,HA,B
5xf1,5xf1_SH56I,1.0074000000000003,HL,B,HL,B
6cxy,6cxy_GC15H,-4.993399999999999,HL,C,HL,C
5m2m,5m2m_IH105M,-0.8176000000000005,H,G,H,G
7nks,7nks_GB63P,-6.48451,CD,B,CD,B
6uig,6uig_QA123D,-0.4356999999999971,BC,A,BC,A
3qum,3qum_DH57C,0.9286999999999992,HL,P,HL,P
5bvp,5bvp_WH51S,0.2370000000000018,HL,I,HL,I
7kq7,7kq7_WH99A,-0.4361999999999995,HL,B,HL,B
3opz,3opz_FL93Q,-0.7679999999999989,HL,A,HL,A
6cmi,6cmi_GB314P,-0.4349999999999987,DC,B,DC,B
7kfb,7kfb_VC219R,0.2675000000000018,IL,C,IL,C
6h7n,6h7n_TB105Y,-0.5827999999999989,D,B,D,B
7cjf,7cjf_QC141I,-0.7504999999999988,AB,C,AB,C
7mzf,7mzf_TA167L,-2.811799999999998,HL,A,HL,A
3j8w,3j8w_DH100E,-0.3109000000000037,HL,E,HL,E
6rvc,6rvc_KD98E,-4.2326,D,A,D,A
5nmv,5nmv_EK53S,-2.3970999999999982,HL,K,HL,K
6w16,6w16_LL94A,-2.0256000000000007,HL,F,HL,F
7n0s,7n0s_TA87M,0.720699999999999,D,A,D,A
6ofi,6ofi_PG27N,-1.08338,HL,G,HL,G
7lxw,7lxw_SL25G,1.0931999999999995,HL,A,HL,A
7p78,7p78_YE377T,-0.5579099999999997,H,E,H,E
5mje,5mje_MA40R,0.3261000000000003,B,A,B,A
1sy6,1sy6_YH104W,1.0975,HL,A,HL,A
4u6v,4u6v_WA158I,-0.8444000000000003,HL,A,HL,A
7k8t,7k8t_YP92H,-0.2217100000000003,OP,A,OP,A
6s3t,6s3t_DT283P,-1.310500000000001,EI,T,EI,T
4y5y,4y5y_YE93S,-1.3767999999999994,DE,F,DE,F
5fv2,5fv2_MV6D,-3.5664000000000016,B,V,B,V
7rxi,7rxi_KA8H,-1.1583999999999983,HL,A,HL,A
2ltq,2ltq_LB100I,-0.1783299999999998,CB,A,CB,A
7d6i,7d6i_YC33I,-2.1074800000000007,BC,A,BC,A
7qf0,7qf0_NA154C,-2.9984,HL,A,HL,A
4h88,4h88_YL50W,-3.504100000000001,HL,A,HL,A
6plk,6plk_LF50Y,0.0441000000000002,IM,F,IM,F
5jym,5jym_ED94I,-0.9279000000000012,D,C,D,C
7mfu,7mfu_YE97T,-1.378499999999999,E,D,E,D
1e6j,1e6j_NH59H,0.4190999999999967,HL,P,HL,P
6xpq,6xpq_EB103M,-2.3536800000000007,BC,A,BC,A
5v8l,5v8l_YJ113E,0.1390500000000001,JN,A,JN,A
7prz,7prz_YE161E,-0.9824800000000008,HL,E,HL,E
7qu1,7qu1_YA107N,0.1538000000000003,AB,C,AB,C
2xqb,2xqb_QH106P,-0.8341999999999992,HL,A,HL,A
6ss6,6ss6_GH53S,0.1182199999999999,HL,A,HL,A
1yqv,1yqv_TY47W,1.2560000000000002,HL,Y,HL,Y
6iec,6iec_PI119K,0.3020100000000001,JK,I,JK,I
5f7w,5f7w_LC43P,-1.4692000000000007,C,A,C,A
4i77,4i77_GZ58P,-5.35413,HL,Z,HL,Z
7whk,7whk_SG103Q,-0.2470699999999999,G,A,G,A
7dq7,7dq7_SB135G,0.26092,HL,B,HL,B
5f97,5f97_AF49M,-5.1289,F,B,F,B
2cmr,2cmr_GH48N,-1.686799999999998,HL,A,HL,A
7m6h,7m6h_LA405E,-0.1573399999999996,EG,A,EG,A
4xnz,4xnz_RB69N,-0.6936999999999998,BC,A,BC,A
5jhl,5jhl_GA106H,-5.111000000000001,HL,A,HL,A
2xra,2xra_HA60M,0.2506999999999983,HL,A,HL,A
4lsu,4lsu_EH105C,-0.4696999999999995,HL,G,HL,G
6uc6,6uc6_KB279E,-1.6814999999999998,D,B,D,B
5f7y,5f7y_NC99K,-1.4761000000000024,C,A,C,A
6um7,6um7_KA287S,-0.3856799999999998,JK,A,JK,A
2r29,2r29_GH26Q,-0.6870900000000004,HL,A,HL,A
7jie,7jie_DB88L,-3.13694,CD,B,CD,B
4lmq,4lmq_RD10L,1.0078000000000014,HL,D,HL,D
5mwn,5mwn_LC163D,0.5156999999999989,F,C,F,C
2ghw,2ghw_SD183E,-0.2361000000000004,D,C,D,C
7nks,7nks_QB58M,0.4413,CD,B,CD,B
7ki4,7ki4_VE125M,0.2535400000000001,GF,E,GF,E
7mzm,7mzm_FH57A,-1.923300000000001,HL,A,HL,A
4n1e,4n1e_AD31G,-0.0096799999999994,D,J,D,J
7mzm,7mzm_YH111G,-0.3093000000000003,HL,A,HL,A
7qnd,7qnd_GM103F,1.69003,M,D,M,D
7uap,7uap_WB133E,-1.5324700000000004,MN,B,MN,B
7d5u,7d5u_EA136N,-1.0433000000000003,D,A,D,A
7s0d,7s0d_SH54K,-0.5243600000000002,HL,C,HL,C
6lbh,6lbh_TF97L,-0.4747899999999996,EF,A,EF,A
6eqc,6eqc_TF38W,-0.26187,F,C,F,C
4h88,4h88_KA80P,-0.5376000000000012,HL,A,HL,A
6raf,6raf_LC101M,0.4328000000000003,C,B,C,B
5m2m,5m2m_PA14S,-0.1455999999999999,F,A,F,A
5dum,5dum_HH102A,0.2493399999999992,HL,A,HL,A
6att,6att_GA192L,-8.688080000000001,HL,A,HL,A
6pcu,6pcu_DI100H,0.0106999999999999,IH,G,IH,G
2q8a,2q8a_DH31C,1.0027000000000008,HL,A,HL,A
7kq7,7kq7_EB37C,-0.1163000000000025,HL,B,HL,B
6ofi,6ofi_PG27F,-0.95404,HL,G,HL,G
6p3r,6p3r_NB53T,-0.4156999999999993,AB,L,AB,L
6vc9,6vc9_EA168G,-0.318999999999999,HL,A,HL,A
6lgw,6lgw_IE312N,-0.8094000000000001,AB,E,AB,E
2htl,2htl_WE105N,-0.3081399999999998,EF,B,EF,B
6tyb,6tyb_LH109N,-0.5591000000000008,HL,G,HL,G
4kml,4kml_GA8Y,0.1260999999999992,B,A,B,A
6vbg,6vbg_NA232R,-0.1305999999999993,C,A,C,A
5f72,5f72_RK56H,-2.5584999999999987,S,K,S,K
7jum,7jum_TA100I,-2.0489999999999995,H,A,H,A
7k9z,7k9z_SA99T,1.0183599999999997,BA,E,BA,E
4kvn,4kvn_WL93K,0.7121999999999993,HL,A,HL,A
3eba,3eba_DB91I,-3.03047,A,B,A,B
6lgw,6lgw_YA53C,-1.0219000000000005,AB,E,AB,E
7l0n,7l0n_DM56Y,-3.699,MN,S,MN,S
7vyt,7vyt_TB58R,-0.0012000000000007,BC,A,BC,A
5v8l,5v8l_MA122D,-0.2099499999999998,JN,A,JN,A
7r8o,7r8o_GB431M,-0.1520900000000002,HL,B,HL,B
2fd6,2fd6_WH50H,-1.5627000000000013,HL,U,HL,U
3j8w,3j8w_KE259D,2.460099999999997,HL,E,HL,E
6os0,6os0_SA55F,-3.365400000000001,D,A,D,A
6b08,6b08_TC102S,-2.4509000000000025,CB,A,CB,A
6raf,6raf_AB558Q,-1.0882000000000005,C,B,C,B
5if0,5if0_TG25A,-1.1570999999999998,HL,G,HL,G
7s0c,7s0c_NM57T,0.3513099999999998,MN,B,MN,B
7nqa,7nqa_RB68V,-0.1306999999999973,C,B,C,B
5o6v,5o6v_PC337W,-2.008039,IM,C,IM,C
4om0,4om0_AG165D,-0.4091000000000004,HL,G,HL,G
6y90,6y90_NA127E,-1.3928999999999991,HL,A,HL,A
7tpr,7tpr_RB394A,-1.0395500000000002,H,B,H,B
3bn9,3bn9_NE93C,-0.6837000000000018,FE,A,FE,A
5kel,5kel_NG10L,-0.5503999999999998,PT,G,PT,G
6cse,6cse_DC313H,-1.6219830000000002,AB,C,AB,C
5mhr,5mhr_DF73I,-0.3993700000000011,NG,F,NG,F
7m6i,7m6i_YA402A,-1.3147000000000002,MN,A,MN,A
6osv,6osv_HK33A,0.7833000000000006,HL,K,HL,K
6aod,6aod_CC212P,0.1383999999999989,BA,C,BA,C
7e86,7e86_NC162F,-11.127300000000002,AB,C,AB,C
7o52,7o52_NH61S,-0.1047000000000011,HL,U,HL,U
7niv,7niv_TC75F,0.763580000000001,CB,A,CB,A
5fhc,5fhc_DH56C,1.23642,HL,K,HL,K
2htl,2htl_LB232R,0.0386300000000012,EF,B,EF,B
6n51,6n51_RC27K,0.0103000000000008,C,A,C,A
6kyz,6kyz_KF30A,-0.3236999999999987,EF,D,EF,D
6hig,6hig_PB2M,0.6705000000000005,HL,B,HL,B
1lk3,1lk3_KI65S,-0.8065999999999995,IM,B,IM,B
7qny,7qny_KE23C,-0.54373,AB,E,AB,E
7ntc,7ntc_YL49P,0.0110200000000002,HL,C,HL,C
7e86,7e86_DB1F,0.2033999999999984,AB,C,AB,C
7mjj,7mjj_TD28G,-0.1820000000000003,DE,A,DE,A
2cmr,2cmr_YL94K,-1.1582000000000008,HL,A,HL,A
7qn7,7qn7_DD133N,-0.2667000000000001,G,D,G,D
6t3f,6t3f_KF57V,-1.93639,HL,F,HL,F
6dfj,6dfj_PE35C,-2.3353,HL,E,HL,E
4rgn,4rgn_PS7R,-0.5604000000000013,HL,S,HL,S
7k66,7k66_TA1090E,-0.197049999999999,BC,A,BC,A
7ps0,7ps0_SA159G,-0.2835000000000001,BC,A,BC,A
6oe4,6oe4_SE106K,-0.3172999999999994,EF,D,EF,D
6woq,6woq_WD99H,-1.7844999999999995,CD,F,CD,F
7uar,7uar_SG51L,2.0307500000000003,FG,C,FG,C
6vbg,6vbg_DC57T,-1.081720000000001,C,A,C,A
7mzf,7mzf_IH28Q,-0.6034000000000006,HL,A,HL,A
2fd6,2fd6_TU241C,-0.5312000000000019,HL,U,HL,U
6rpj,6rpj_ND31L,0.5325999999999986,D,C,D,C
4ag4,4ag4_RA312G,-1.9004,HL,A,HL,A
7l0n,7l0n_YN32T,-1.2294999999999998,MN,S,MN,S
7epu,7epu_EB117P,0.447659999999999,A,B,A,B
3ehb,3ehb_QB208V,-0.0293000000000027,CD,B,CD,B
6s3d,6s3d_NO19M,-1.5508999999999986,EF,O,EF,O
5n88,5n88_KE63V,0.0713000000000008,H,E,H,E
6k65,6k65_DH54I,-0.9547000000000024,HL,A,HL,A
2fjh,2fjh_EW91K,0.1786999999999992,BA,W,BA,W
3vi4,3vi4_EH50S,-0.3739000000000025,HL,D,HL,D
7bep,7bep_CC30N,-0.9877000000000002,GI,C,GI,C
7n4j,7n4j_NH58V,-0.972999999999999,HL,A,HL,A
4u3x,4u3x_TC92E,0.2457999999999991,C,D,C,D
7m3n,7m3n_FH52I,-1.955697,HL,A,HL,A
6ute,6ute_YD91E,-0.6289200000000004,CD,S,CD,S
7wvm,7wvm_LE94M,0.9738300000000004,AB,E,AB,E
6c08,6c08_LF249T,-0.3432999999999993,DE,F,DE,F
6o9i,6o9i_YD100M,0.3048000000000002,DE,C,DE,C
6oz3,6oz3_GG209Y,-11.696751,HL,G,HL,G
1p2c,1p2c_SE55F,-16.3775,ED,F,ED,F
5kw9,5kw9_SL28Y,3.4625700000000004,HL,A,HL,A
6glw,6glw_TB42P,-0.212299999999999,CD,B,CD,B
7bbj,7bbj_SN67Y,0.924500000000002,MN,B,MN,B
6tys,6tys_YG92Q,-0.3441000000000009,FG,E,FG,E
6nms,6nms_RH102S,-1.1052000000000015,HL,S,HL,S
2vxt,2vxt_DH57A,-0.7270000000000003,HL,I,HL,I
4s1r,4s1r_YH60F,0.1146999999999991,HL,G,HL,G
3cxh,3cxh_AE114K,-0.2439999999999997,JK,E,JK,E
1yqv,1yqv_RY68C,-3.2625,HL,Y,HL,Y
1ken,1ken_PL60M,-0.1007800000000003,HL,A,HL,A
6p3r,6p3r_GL43R,1.5648,AB,L,AB,L
7uap,7uap_AN32F,0.2771099999999995,MN,B,MN,B
6i8s,6i8s_EA207F,-2.792300000000001,EI,A,EI,A
7lvw,7lvw_RL57L,-0.8570999999999991,L,C,L,C
6c9w,6c9w_RB56H,-3.5944200000000004,B,A,B,A
7swo,7swo_YA156G,-2.3932,HL,A,HL,A
4rgn,4rgn_NS124Y,0.8155999999999999,HL,S,HL,S
7kfe,7kfe_TB112R,-2.1058000000000003,GI,B,GI,B
7n0s,7n0s_DA34P,-0.0332000000000007,D,A,D,A
7n3c,7n3c_PC79C,-0.2814999999999976,HL,C,HL,C
4rgn,4rgn_SH56G,2.0406000000000013,HL,S,HL,S
6yye,6yye_LA88H,-0.3597000000000001,C,A,C,A
6ddv,6ddv_PC55V,-0.5831999999999997,BA,C,BA,C
6y90,6y90_EA124K,-0.0053199999999993,HL,A,HL,A
7kf0,7kf0_GC80L,1.1234000000000002,AB,C,AB,C
5w4l,5w4l_IG54Y,-16.266650000000002,DE,G,DE,G
4kdt,4kdt_RB50K,-0.5589000000000013,B,C,B,C
7mzf,7mzf_SL93Q,1.186,HL,A,HL,A
4hf5,4hf5_PA142A,-1.2570999999999994,HL,A,HL,A
7x7d,7x7d_SC75D,0.1498000000000008,C,D,C,D
6zpl,6zpl_LA129K,-0.0288999999999983,F,A,F,A
6bpe,6bpe_LG139H,-0.768544,HI,G,HI,G
4uao,4uao_EC106Q,-0.4368999999999978,CB,A,CB,A
6iap,6iap_RA47K,1.2462,ED,A,ED,A
6ni2,6ni2_YL50K,0.0783500000000003,HL,B,HL,B
6bck,6bck_GG317N,-1.23825,HL,G,HL,G
4u3x,4u3x_HC98V,-0.8182000000000009,C,D,C,D
6was,6was_PG40E,-1.9793000000000005,AB,G,AB,G
7s0d,7s0d_HC56W,-1.55574,HL,C,HL,C
5if0,5if0_GH56T,-2.96628,HL,G,HL,G
6ocb,6ocb_YH34G,-0.3892000000000006,HL,A,HL,A
6nb3,6nb3_YH111A,-0.96577,HL,C,HL,C
7l0n,7l0n_DM33T,-0.2559000000000004,MN,S,MN,S
3zkx,3zkx_RB102G,-0.0934999999999988,B,A,B,A
7cho,7cho_QA142N,0.0976999999999996,BC,A,BC,A
7p6k,7p6k_KF411C,-0.0590099999999997,I,F,I,F
7mmo,7mmo_KF99R,-1.9712,DE,F,DE,F
6dfj,6dfj_GE7Q,-2.1004000000000005,HL,E,HL,E
7kf9,7kf9_GG110S,0.0801999999999996,GJ,A,GJ,A
6orp,6orp_YG93P,-1.96992,HL,G,HL,G
4ydl,4ydl_NG313I,0.8778000000000006,HL,G,HL,G
5ezo,5ezo_RL30A,-1.9595,HL,A,HL,A
4dk3,4dk3_YC25S,0.1194000000000024,A,C,A,C
4kvn,4kvn_NA368A,-0.7052000000000014,HL,A,HL,A
6bt3,6bt3_PM171W,-0.1561299999999996,DC,M,DC,M
6wtu,6wtu_SE75E,-1.030200000000001,EF,D,EF,D
7wd9,7wd9_SB525C,-0.0867599999999999,EF,B,EF,B
3n85,3n85_WH99V,-1.159600000000001,HL,A,HL,A
4ffz,4ffz_RA52N,-0.2123000000000026,HL,A,HL,A
7kn7,7kn7_YA156A,-0.2156000000000002,HL,A,HL,A
7b3o,7b3o_LL91Y,0.7325999999999979,HL,E,HL,E
4wgv,4wgv_DD53K,0.1376000000000008,D,C,D,C
6vy5,6vy5_NA336V,-0.7695000000000007,HL,A,HL,A
6ddr,6ddr_VC41S,-1.1638999999999982,BA,C,BA,C
1mel,1mel_YA117H,-0.0254999999999991,A,L,A,L
5x0t,5x0t_YD49C,-1.4125999999999994,CD,F,CD,F
7kmi,7kmi_FA27E,0.7786000000000008,AB,C,AB,C
7nd7,7nd7_LB405F,0.0594999999999998,FG,B,FG,B
4edw,4edw_FL54P,-1.6067299999999998,HL,V,HL,V
6iap,6iap_WA82I,2.152200000000001,ED,A,ED,A
4h88,4h88_SL91W,-2.674300000000001,HL,A,HL,A
5uk2,5uk2_NH139W,2.069969,H,C,H,C
7bwj,7bwj_EE152V,-1.3222000000000005,HL,E,HL,E
5d70,5d70_QA13I,0.2520999999999986,HL,A,HL,A
7cho,7cho_DA73E,-0.3330999999999982,BC,A,BC,A
7ldj,7ldj_PE113F,-6.435400000000001,E,B,E,B
6wmw,6wmw_TB169H,2.5102,HL,B,HL,B
7ey5,7ey5_GA83Q,-0.3635000000000001,HL,A,HL,A
7mzn,7mzn_NL93W,-2.578099999999999,HL,A,HL,A
5uqy,5uqy_HA88P,-0.5801000000000016,DC,A,DC,A
2vxs,2vxs_HJ102D,-1.0018999999999991,JN,D,JN,D
7byr,7byr_TH13A,0.7115400000000003,HL,B,HL,B
5f7w,5f7w_LA18E,-0.4100000000000001,C,A,C,A
4k3j,4k3j_QB281V,1.2047999999999988,HL,B,HL,B
7l2e,7l2e_YJ31H,-0.4756,GJ,B,GJ,B
6chb,6chb_RF421W,0.3628799999999996,MN,F,MN,F
4zpt,4zpt_NR18L,0.9616000000000008,AB,R,AB,R
6h7n,6h7n_FB108N,-3.434599999999996,D,B,D,B
7tpr,7tpr_FB360D,-0.2949400000000004,H,B,H,B
6wio,6wio_VC47Q,0.4175000000000004,AB,C,AB,C
6mu8,6mu8_YE49G,-0.4935900000000002,DE,B,DE,B
6gjq,6gjq_GG16R,-0.6540999999999997,H,G,H,G
7b3o,7b3o_YH58N,-0.0062999999999995,HL,E,HL,E
7bz5,7bz5_TA82S,0.2390000000000007,HL,A,HL,A
6oe4,6oe4_SE106D,-1.931000000000001,EF,D,EF,D
6vo1,6vo1_NA303L,-0.1425000000000018,HL,A,HL,A
7djz,7djz_QC160T,1.0466999999999975,AB,C,AB,C
5iwl,5iwl_LD2A,-0.6919000000000004,AB,D,AB,D
7so7,7so7_PB93E,-0.2983999999999991,XY,B,XY,B
7cwl,7cwl_SI30Y,0.9158000000000008,IK,C,IK,C
6azz,6azz_NA125M,0.3878999999999983,CB,A,CB,A
7rgp,7rgp_EA10D,-0.7990300000000001,E,A,E,A
5d1z,5d1z_FD55N,-2.6021,DC,I,DC,I
4d9r,4d9r_SL91T,0.8463999999999992,HL,A,HL,A
1jrh,1jrh_RI74E,-1.2826000000000022,HL,I,HL,I
7n3i,7n3i_GH26E,-1.6410000000000018,HL,C,HL,C
6yio,6yio_QB103C,0.3033999999999999,HL,B,HL,B
7q9m,7q9m_NC343G,-0.9712999999999994,HL,C,HL,C
4w2q,4w2q_SC104Y,-0.0742000000000011,C,D,C,D
4lqf,4lqf_YA18G,-0.3865999999999996,HL,A,HL,A
7aqg,7aqg_TA304V,-0.2416,C,A,C,A
7kf1,7kf1_GV76H,-21.346580000000003,HL,V,HL,V
1yqv,1yqv_LH52T,-0.9636999999999992,HL,Y,HL,Y
4s1s,4s1s_RH72L,-1.3325700000000005,HL,G,HL,G
2ghw,2ghw_TD171A,0.3732000000000006,D,C,D,C
7lfa,7lfa_GL32R,-1.7402000000000015,HL,C,HL,C
7eng,7eng_YL98M,2.861376,HL,B,HL,B
6gju,6gju_AB59V,0.133899999999997,B,A,B,A
7mzj,7mzj_LD95R,-0.1643000000000007,CD,B,CD,B
5xwd,5xwd_FA354V,-1.5771000000000015,HD,A,HD,A
7shu,7shu_EA58F,0.54345,CD,A,CD,A
6bpc,6bpc_NF28D,-0.1717999999999975,EF,D,EF,D
4hc1,4hc1_SB36N,-1.08333,MN,B,MN,B
6t3f,6t3f_TF49K,-0.77339,HL,F,HL,F
7kqi,7kqi_TB85L,-0.3384899999999999,AC,B,AC,B
5do2,5do2_NH101V,-3.0421,HL,A,HL,A
7qbf,7qbf_HA126W,0.2520999999999986,B,A,B,A
6bt3,6bt3_NM170Q,-0.7804699999999998,DC,M,DC,M
7wph,7wph_SH55F,1.353200000000001,HL,B,HL,B
7jum,7jum_KA101Y,-2.8051999999999992,H,A,H,A
6oge,6oge_LA292M,0.94449,CB,A,CB,A
5vn8,5vn8_QH109P,-0.3741500000000002,HL,G,HL,G
6p8n,6p8n_GA28C,-2.562970000000001,BD,A,BD,A
6lxj,6lxj_SM29W,-3.066799999999999,MN,D,MN,D
5gzo,5gzo_TH58S,0.0421999999999993,HL,A,HL,A
6xey,6xey_FC429K,-3.20204,JK,C,JK,C
5jhl,5jhl_LH103G,-1.03005,HL,A,HL,A
4liq,4liq_GH65L,1.2572999999999972,HL,E,HL,E
6gjq,6gjq_GH54F,-1.2283000000000008,H,G,H,G
4j6r,4j6r_NG160C,0.2949699999999993,HL,G,HL,G
7lq7,7lq7_DB95K,-2.70921,TU,B,TU,B
5t29,5t29_NO106F,-2.862000000000002,HL,O,HL,O
5esv,5esv_KF46W,-0.8378700000000006,CD,F,CD,F
5vjq,5vjq_DG32C,-1.1875000000000018,GH,L,GH,L
5f72,5f72_NK63G,-1.1618999999999993,S,K,S,K
6ieb,6ieb_KB27R,0.0586600000000006,EF,B,EF,B
5f6j,5f6j_KG305Y,1.149,BA,G,BA,G
7bq5,7bq5_GC102N,1.1754300000000004,CD,B,CD,B
4dtg,4dtg_RH53N,-3.071200000000001,HL,K,HL,K
6w16,6w16_VH52T,0.5511999999999979,HL,F,HL,F
6cvk,6cvk_SA141F,0.3091000000000008,A,C,A,C
1kxt,1kxt_GA238D,-5.47048,B,A,B,A
7tpg,7tpg_RB261E,-0.5410000000000004,HL,B,HL,B
6mtq,6mtq_AH108N,0.0133999999999971,HL,T,HL,T
5k9q,5k9q_TR37K,-0.7591999999999999,XY,R,XY,R
6u6u,6u6u_NH52M,0.9159000000000006,HL,R,HL,R
5ja9,5ja9_IB103G,-4.390099999999997,B,D,B,D
7kez,7kez_GV76V,-13.667923,HL,V,HL,V
4xvt,4xvt_NG163W,-8.39199,HL,G,HL,G
6i6j,6i6j_YA170R,-0.3051999999999992,C,A,C,A
5veb,5veb_LX34E,0.8055000000000021,AB,X,AB,X
4yzf,4yzf_SE32R,0.9512,EF,A,EF,A
4g7y,4g7y_SL52Q,1.00422,HL,S,HL,S
7te9,7te9_FB28A,-0.1195000000000003,MN,B,MN,B
7rxi,7rxi_EA48N,-2.677599999999998,HL,A,HL,A
7lfb,7lfb_QX76A,0.4268999999999998,HL,X,HL,X
6dzv,6dzv_SA125F,-0.1271999999999993,BC,A,BC,A
6qex,6qex_VA290T,0.0096000000000007,CB,A,CB,A
6apd,6apd_YM92S,-0.6943999999999999,KM,B,KM,B
1fj1,1fj1_AE186T,-0.8355999999999995,DC,E,DC,E
4ffz,4ffz_EA86D,-1.4037000000000006,HL,A,HL,A
6mto,6mto_WT118Y,-0.2449999999999974,HL,T,HL,T
6gjq,6gjq_WB111C,-0.4918000000000013,B,A,B,A
5wux,5wux_FB53I,-2.108999999999998,AB,F,AB,F
1afv,1afv_EH50H,-3.6503,HL,A,HL,A
3u9p,3u9p_YM50A,-0.083400000000001,KM,C,KM,C
3gi9,3gi9_VC315W,-0.0701,HL,C,HL,C
6k0y,6k0y_DC53V,-1.9777000000000005,AB,C,AB,C
3w2d,3w2d_YL92G,-2.1418,HL,A,HL,A
7o52,7o52_LH107P,-0.153100000000002,HL,U,HL,U
2xwt,2xwt_IC37C,0.465600000000002,AB,C,AB,C
5f7y,5f7y_TA14D,-1.2928999999999995,C,A,C,A
4rrp,4rrp_QF92F,0.5600000000000005,LF,R,LF,R
7w9f,7w9f_AE143Q,2.0651200000000003,AB,E,AB,E
5igx,5igx_RH72L,-2.268172,HL,G,HL,G
3kj4,3kj4_YB38Q,-0.5181199999999997,CB,D,CB,D
4gxu,4gxu_YU104R,1.1308000000000007,UV,I,UV,I
4uao,4uao_RC99I,-2.617799999999999,CB,A,CB,A
3wsq,3wsq_DA386E,0.1392999999999995,HL,A,HL,A
6iek,6iek_LD139W,-2.75424,EF,D,EF,D
4krp,4krp_GA393P,0.422600000000001,DC,A,DC,A
7q9m,7q9m_NC343Y,-2.9879,HL,C,HL,C
7czq,7czq_YA343I,-0.3041999999999998,HK,A,HK,A
7k9z,7k9z_LE123C,-0.4361499999999996,BA,E,BA,E
7lq7,7lq7_YT32E,-1.5412299999999997,TU,B,TU,B
4f37,4f37_LK101C,-0.97368,FK,B,FK,B
5kvg,5kvg_YL94R,0.0412999999999996,HL,E,HL,E
2p43,2p43_NA62E,-2.035590000000001,B,A,B,A
7n0s,7n0s_DD115M,-0.6305700000000005,D,A,D,A
1adq,1adq_QA201R,0.0672499999999995,HL,A,HL,A
6mpg,6mpg_IX103F,-0.5708799999999998,XY,D,XY,D
6vo0,6vo0_YH59T,0.27888,HL,A,HL,A
6x08,6x08_KB283D,6.7056,K,B,K,B
4hjj,4hjj_WH228A,-5.019900000000002,H,A,H,A
7cho,7cho_GA172Q,-1.0212000000000003,BC,A,BC,A
4irz,4irz_DH31P,-0.9466,HL,A,HL,A
7k65,7k65_NB27L,1.1670000000000016,B,A,B,A
5wux,5wux_LB54N,-1.3180999999999976,AB,F,AB,F
6opa,6opa_RS116N,-1.830894,SR,G,SR,G
5en2,5en2_NB28W,-1.0081999999999989,AB,C,AB,C
6uc6,6uc6_SB328V,-0.4754000000000005,D,B,D,B
6xpz,6xpz_SA55G,1.0210299999999997,BC,A,BC,A
7rkv,7rkv_CB294N,-0.4972700000000003,DH,B,DH,B
7a0v,7a0v_RF99S,-0.3838999999999988,F,E,F,E
6ivz,6ivz_GH26V,-1.7068999999999992,HL,A,HL,A
7lxw,7lxw_SH106H,-0.4884999999999984,HL,A,HL,A
6hf1,6hf1_WC50R,0.9148000000000014,CB,A,CB,A
7m6i,7m6i_FA403E,-0.5967000000000002,MN,A,MN,A
7q9k,7q9k_YD33T,-0.7481299999999997,DE,B,DE,B
5jyl,5jyl_NB33Q,-2.44262,B,A,B,A
5f8r,5f8r_SD29H,0.0121000000000002,D,B,D,B
5fv1,5fv1_CW92W,-14.47459,M,W,M,W
7kxk,7kxk_NB431Q,-0.0404300000000006,IM,B,IM,B
1yqv,1yqv_YL34W,0.1249000000000002,HL,Y,HL,Y
5k9k,5k9k_YL33K,-2.6843000000000004,HL,F,HL,F
7chz,7chz_QI125G,-0.3767999999999993,HL,I,HL,I
7q9g,7q9g_DB390V,-1.143699999999999,EF,B,EF,B
7su0,7su0_ED47C,-1.2697000000000005,IM,D,IM,D
6j11,6j11_YC1W,-0.0268100000000011,DE,C,DE,C
2vwe,2vwe_PA95I,0.016,EC,A,EC,A
6ss4,6ss4_LL97C,-0.5792000000000002,HL,A,HL,A
5x8l,5x8l_KC45N,-0.0582999999999991,HM,C,HM,C
7oay,7oay_YI50H,-0.6816999999999993,J,I,J,I
7mem,7mem_HJ32T,-1.4983000000000004,GJ,C,GJ,C
6sge,6sge_AA54M,0.3216000000000001,D,A,D,A
7b18,7b18_YA435W,-0.3395999999999999,E,A,E,A
6ywc,6ywc_TC6H,-0.1292000000000008,AB,C,AB,C
4qhu,4qhu_PD77E,-0.5649000000000015,BA,D,BA,D
6cxy,6cxy_LC66D,0.0339999999999989,HL,C,HL,C
7sfv,7sfv_TB214P,2.5129900000000003,MN,B,MN,B
3rjq,3rjq_LB103K,-2.2947000000000024,B,A,B,A
3vi4,3vi4_AD71C,-0.581900000000001,HL,D,HL,D
6iea,6iea_NL34D,-1.4329400000000003,HL,A,HL,A
5vag,5vag_YB33P,-4.726000000000003,CB,A,CB,A
7kde,7kde_PF238R,-0.2389100000000006,JI,F,JI,F
4hcr,4hcr_WL101M,-0.1501999999999981,HL,A,HL,A
7kkk,7kkk_YD58T,-1.0663999999999998,D,C,D,C
2uzi,2uzi_SH33M,2.3401,HL,R,HL,R
7qf0,7qf0_YA120M,-1.3712999999999995,HL,A,HL,A
4gxu,4gxu_HU106Q,-0.7172000000000001,UV,I,UV,I
6osv,6osv_TL100D,-0.9280999999999988,HL,K,HL,K
5nmv,5nmv_SH99V,0.9586000000000006,HL,K,HL,K
3so3,3so3_CA215L,-0.8059999999999974,CB,A,CB,A
6urm,6urm_IE29T,-0.08427,DE,C,DE,C
7jmp,7jmp_NH72C,0.7043999999999997,HL,A,HL,A
5vqm,5vqm_KB321Q,-0.1396999999999977,DC,B,DC,B
6uc6,6uc6_LC3Q,-0.7517999999999994,C,A,C,A
7e7x,7e7x_SB163A,0.0135000000000005,MN,B,MN,B
4g6m,4g6m_DA85C,-0.5900999999999996,HL,A,HL,A
7uar,7uar_AF103N,-0.90311,FG,C,FG,C
1i9r,1i9r_EB24H,-2.177756,KM,B,KM,B
7joo,7joo_DH30V,-0.9084000000000004,HL,C,HL,C
7tty,7tty_SH103E,-0.4520800000000005,HL,A,HL,A
5vjq,5vjq_YH96T,0.4708999999999967,GH,L,GH,L
6u0n,6u0n_LB248Q,-0.4930999999999983,IJ,B,IJ,B
1mlc,1mlc_RE68T,-3.356370000000001,BA,E,BA,E
7m6d,7m6d_RC71E,-2.476600000000001,HL,C,HL,C
7pi7,7pi7_ND211S,-0.4946999999999981,EF,D,EF,D
6jht,6jht_TE30Q,-1.258700000000001,ED,C,ED,C
7jmp,7jmp_YA138L,-4.1374,HL,A,HL,A
5m15,5m15_IA348A,-1.4011999999999991,C,A,C,A
6chb,6chb_GF324A,-2.458600000000001,MN,F,MN,F
7mjs,7mjs_CX172I,0.1914000000000015,HL,X,HL,X
6erx,6erx_YG30S,-0.9774999999999991,FG,B,FG,B
1z3g,1z3g_SH55Y,0.769400000000001,HL,A,HL,A
6mvl,6mvl_EH30N,-0.8643999999999998,HL,A,HL,A
6y90,6y90_DH57K,0.3118200000000009,HL,A,HL,A
1z3g,1z3g_EA59D,-1.2916499999999989,HL,A,HL,A
2xra,2xra_QA33N,-0.8765999999999998,HL,A,HL,A
2h32,2h32_SB31P,0.5826999999999956,HA,B,HA,B
5gzo,5gzo_KA84W,-0.0361600000000006,HL,A,HL,A
7rxp,7rxp_PA3V,0.3330999999999999,HL,A,HL,A
6oan,6oan_KC47G,1.1076000000000017,D,C,D,C
6ymq,6ymq_GI88N,-3.7133,B,I,B,I
5otj,5otj_TH30K,0.4409999999999989,HL,C,HL,C
6gjq,6gjq_SH56W,1.8004999999999995,H,G,H,G
6rps,6rps_TM32I,0.8813999999999993,NM,B,NM,B
7chz,7chz_QI125M,1.0275999999999996,HL,I,HL,I
7rfb,7rfb_KD27V,-0.1906999999999996,HL,D,HL,D
4hfu,4hfu_SA223P,-3.11012,HL,A,HL,A
6war,6war_NJ31Y,-0.8569000000000013,J,I,J,I
5hgg,5hgg_GS26K,-1.1829,S,B,S,B
7epu,7epu_SA172W,-0.2619699999999998,A,B,A,B
7d8b,7d8b_EC30Y,1.390900000000002,D,C,D,C
7l2f,7l2f_EA134C,-0.0318000000000004,HL,A,HL,A
4utb,4utb_SB69W,-5.473811,IM,B,IM,B
1jto,1jto_VL109K,0.3352000000000004,A,L,A,L
7nvl,7nvl_Ye418P,-0.3005000000000013,n,e,n,e
5gs0,5gs0_YD107L,0.5592000000000006,DC,A,DC,A
7aqg,7aqg_YC60F,0.0083000000000001,C,A,C,A
7mxe,7mxe_TR105R,1.48957,RW,J,RW,J
5vjq,5vjq_GL16M,-4.607400000000002,GH,L,GH,L
7ki4,7ki4_EE123I,1.2205100000000009,GF,E,GF,E
6tys,6tys_YF57M,-0.8595000000000006,FG,E,FG,E
7kf9,7kf9_GA212N,-9.29668,GJ,A,GJ,A
7oly,7oly_YH34V,1.5750600000000006,HL,C,HL,C
5mje,5mje_RB104Y,-1.2086000000000006,B,A,B,A
6vo3,6vo3_TC219L,1.1014299999999997,GJ,C,GJ,C
7laa,7laa_EA389Q,-4.49476,HL,A,HL,A
