pdb,complex,labels,ab_chain,ag_chain
7l0n,7l0n_GM55H,0.6030028557133327,MN,S
5vgj,5vgj_NG27F,0.8079403438626429,HL,G
7rxi,7rxi_EA48G,-2.6355150121314805,HL,A
3r1g,3r1g_AH54R,2.830005818414484,HL,B
2fjh,2fjh_NA92F,0.3232874568549053,BA,W
5w9h,5w9h_NB59K,-0.2217051782337944,BC,A
5eu7,5eu7_SF101C,-0.0844471222615821,FD,B
5m2m,5m2m_GG60H,-3.1082111995487587,H,G
4plj,4plj_KD63T,-1.4913912450596476,DC,B
6xpq,6xpq_RA191Q,-2.229979866641841,BC,A
5yoy,5yoy_AG103Y,-2.262463456419213,GD,B
7djz,7djz_VA54H,0.6837966494975898,AB,C
7rkv,7rkv_FB344D,-1.149479517353384,DH,B
7rxp,7rxp_CH111W,-0.0,HL,A
7oan,7oan_LB413D,0.0949182836839415,G,B
7n5h,7n5h_SA307H,0.6849642732399626,HL,A
3kj4,3kj4_PD30D,0.0236360755057344,CB,D
7s0c,7s0c_TB267Y,9.781382285589668e-05,MN,B
6phb,6phb_DB105A,-0.2707523406161103,BA,E
4s1q,4s1q_TG282G,-0.1867502746837596,HL,G
7z0y,7z0y_DH53K,-1.1134138948143013,HL,R
7c4s,7c4s_KA20H,-0.5269585409508792,HL,A
6l62,6l62_NA163Q,-2.987444154149843,HL,A
5wth,5wth_RD52Y,-0.3016382177070422,ED,B
7ntc,7ntc_TL56G,-1.424617234147994,HL,C
6okp,6okp_SF397N,0.1132341248079709,QR,F
4i77,4i77_KH56R,0.189165187864772,HL,Z
7lf2,7lf2_YG92T,-2.1413276133056693,GI,C
6hf1,6hf1_YB33H,-0.4262241527216566,CB,A
7mta,7mta_PG288Q,1.172491520427983,HL,G
4qww,4qww_SA72V,-0.0337569962179327,FE,A
5nh3,5nh3_DA57F,1.0944673539764511,HL,A
7mjj,7mjj_YD52H,2.145231920951224,DE,A
6azz,6azz_KA107V,-1.0810269296093342,CB,A
1jps,1jps_PL95H,-0.2516294670822943,HL,T
7uar,7uar_LC210G,-3.0891418685466583,FG,C
5nmv,5nmv_MK61Q,-0.619529840720412,HL,K
5f6j,5f6j_KG305F,-0.8354868889058067,BA,G
4dk3,4dk3_TA108P,-2.0200395044402164,A,C
4zff,4zff_GA56S,0.3676401135090343,AB,C
6nb7,6nb7_YG59V,-1.1261030448938163,GI,C
5k9o,5k9o_SB68L,-0.712126595290999,AB,F
1ndm,1ndm_NA92D,-0.6424845479032419,BA,C
4kuc,4kuc_SH51P,-2.2064551186917933,HD,A
7wkx,7wkx_FF82C,-2.060153798339604,AC,F
7s2s,7s2s_WB28M,-0.0249850707706076,C,B
5fv1,5fv1_CW49V,-0.0,M,W
5w6g,5w6g_NA171Q,2.86056358709298,HL,A
5c8j,5c8j_YJ80K,-1.2111960815201137,EF,J
7n3c,7n3c_WH104V,-2.865599874579904,HL,C
7c01,7c01_LH99M,0.1175933895939835,HL,A
5o1r,5o1r_YL32G,-1.4817878399106528,HL,A
1sy6,1sy6_DH101E,-0.5929378882208676,HL,A
7k65,7k65_AB74G,-0.3630757986710931,B,A
4s1q,4s1q_AG312Y,1.8295943163961417,HL,G
6bt3,6bt3_NM170G,-2.120912772353204,DC,M
7bq5,7bq5_YD32N,-1.265109070561344,CD,B
4hcr,4hcr_SH102R,-0.5750073379458212,HL,A
3bsz,3bsz_SH31N,2.283888361119322,HL,F
6wbv,6wbv_MA108S,-0.2349888707599714,HL,A
7kra,7kra_EA125R,-0.0417588338731365,IJ,A
5o6v,5o6v_TI58F,-0.1247175612636861,IM,C
3b9k,3b9k_VF22D,1.1472369014474035,DC,F
4nnp,4nnp_YH55S,-0.9876719147021682,HL,A
6niu,6niu_SE302Y,-0.148572995588375,MN,E
7czu,7czu_YA427F,-0.1300913028936308,HK,A
6fla,6fla_WA52D,-2.400372919838176,AB,G
4ybq,4ybq_YE39I,-0.7746773148749355,FE,A
7niv,7niv_WC110Q,-0.8110547991603636,CB,A
7qf0,7qf0_YA140P,-1.9687233872062968,HL,A
7rk2,7rk2_MA166P,-0.3019937252835867,D,A
7wd9,7wd9_DE100M,-1.1561031486124658,EF,B
5lqb,5lqb_SL95Y,-2.1364654124876115,HL,A
6c08,6c08_TD59P,-1.0122274536012643,DE,F
4m8q,4m8q_NS112T,-0.1081550187036537,AB,S
1orq,1orq_SB75L,0.8331851636069227,BA,C
6b0h,6b0h_NI105K,-1.180086735004822,DC,I
5vta,5vta_SA61D,-2.0333683664189355,KJ,A
7a0v,7a0v_FF31G,-3.640734086164022,F,E
6ayz,6ayz_QC26S,-1.7382866047523695,RC,M
3zks,3zks_WD47P,-1.91785204928508,D,A
1mlc,1mlc_RA96Q,0.1675231726237318,BA,E
6vca,6vca_GJ95H,1.154842467844288,KJ,C
1eo8,1eo8_TH31N,-2.1683925842612792,HL,A
7epu,7epu_LB92R,-1.837041067553289,A,B
7e9n,7e9n_EA253M,1.2975165619958702,HL,A
7mhz,7mhz_RA347S,-1.719318243404551,OP,A
7lss,7lss_YL33C,-2.0979869544858967,HL,B
5c0r,5c0r_HA28Y,0.9443873393753256,HL,A
6iec,6iec_TJ57D,-0.1000356996806748,JK,I
4k4m,4k4m_NM96V,0.0279388770926052,IM,B
7cwl,7cwl_MI102S,-2.13574452461224,IK,C
7kyo,7kyo_KB180C,0.0438040761158708,HL,B
7s2s,7s2s_DB87T,-4.071908017700972,C,B
6gv1,6gv1_FH24T,-0.0256383752014399,HL,A
7pqz,7pqz_NE117T,-0.4701282945233496,AB,E
4z5r,4z5r_RD25L,-3.5554110931809686,KJ,D
6o3b,6o3b_QC46Y,-3.725330935044143,BA,C
5anm,5anm_KE56G,-0.0711735619125244,DC,E
2ybr,2ybr_EF15M,-1.5436597307025497,DE,F
7llk,7llk_PK113Y,-0.8031316637004906,KL,I
1orq,1orq_RC100F,-1.834217498888443,BA,C
6xkq,6xkq_GL68A,0.0374003354493335,HL,A
6z2m,6z2m_ND101T,-1.1452838069748523,D,A
7te9,7te9_PB2T,-0.4437383936201798,MN,B
7d85,7d85_LA105S,1.9628574259256224,BC,A
6dfh,6dfh_GJ92A,-0.0412827319628037,GJ,C
6j11,6j11_SE32T,0.1103006149949679,DE,C
5ukb,5ukb_Wd53A,-1.2171452150536308,d,D
7tpg,7tpg_EB255I,-0.1793195625486929,HL,B
6mu8,6mu8_TB97H,1.181798002738303,DE,B
6j11,6j11_YE36G,-3.72353894617849,DE,C
6w7s,6w7s_PA133A,-0.499202549693384,HL,A
7lbe,7lbe_HA481T,-1.9118299504419376,FE,A
6wo4,6wo4_IH32F,-1.8806030725415968,HL,E
7kmg,7kmg_YB32G,-1.3337538249235297,AB,C
7q9j,7q9j_KB430T,-0.0507783674816049,EF,B
6ss4,6ss4_YH104P,-1.0680213152337004,HL,A
6b0h,6b0h_QI91K,-1.6177780809087563,DC,I
7bwj,7bwj_LE120M,-0.0471249415011265,HL,E
7s11,7s11_SI52I,-3.997993089248122,IM,D
5f72,5f72_GS102Y,3.340590129491153,S,K
6rps,6rps_SB132Y,-1.954873127771557,NM,B
6dzv,6dzv_GB102D,-1.027385990457872,BC,A
5d8j,5d8j_YL95N,-0.1881718616448218,HL,A
5kel,5kel_YT30H,-0.3415121025778549,PT,G
7rr0,7rr0_RC30F,-0.2461041488668967,BC,A
4rgm,4rgm_NA59I,-0.2914112317974215,CB,A
7n4m,7n4m_SL31W,3.4908258900134426,HL,A
6o9i,6o9i_FC68K,-2.3449580974645654,DE,C
7lo7,7lo7_FZ135Y,-0.1659817085086772,HL,Z
4i77,4i77_DH54V,-2.2212741414321004,HL,Z
6k0y,6k0y_YB32D,-1.466201447865036,AB,C
7so7,7so7_GX99P,0.658725816809191,XY,B
1ztx,1ztx_YH27T,0.524377559888769,HL,E
3iyw,3iyw_AC51T,-0.8028673771333161,KM,C
6b3s,6b3s_IA157S,0.5319876658580409,HL,A
6njl,6njl_YN102A,-2.575761587621449,NM,B
6ieb,6ieb_YE100V,-0.2600691504703147,EF,B
7c6a,7c6a_AA278T,0.3800193716628277,HL,A
5w6d,5w6d_RL92L,-3.319459384291684,HL,G
4xvt,4xvt_DH106H,-1.326976680057551,HL,G
7su0,7su0_ID107S,-0.7302445508425228,IM,D
7q9g,7q9g_TE28A,0.34896409536716,EF,B
3nfp,3nfp_LI2M,-1.5929767577767155,HL,I
6ogx,6ogx_YD32M,-3.8605431760816966,CD,G
6bfs,6bfs_QC7R,0.1401027612474863,HL,C
1e6j,1e6j_LP195F,0.2185742054840473,HL,P
5ojm,5ojm_NL111P,-1.4829221921115654,L,B
5xhv,5xhv_KE179F,1.2477341383537013,HL,E
5w4l,5w4l_QG143D,-1.7787768863972917,DE,G
1qfw,1qfw_TM28Y,-0.2178826419803883,IM,B
3qsk,3qsk_HB103E,-3.1556862014821903,B,A
4k3j,4k3j_LB290P,-6.785715347318803,HL,B
5vlp,5vlp_FH101P,-0.6890153853506633,HL,A
3so3,3so3_IA45Q,-0.1306703972238134,CB,A
3p30,3p30_SL55M,0.126473001898079,HL,A
4n1e,4n1e_NJ37M,1.0960677610252094,D,J
3ab0,3ab0_GB100S,0.7275371367749517,BC,A
7l0n,7l0n_PS57F,-3.068694540327944,MN,S
7eh5,7eh5_TI59A,-0.4288242222634606,IM,B
7m3n,7m3n_AL32I,-3.704930357051984,HL,A
1ztx,1ztx_KE11D,0.1268652553818174,HL,E
6ion,6ion_LH101W,-2.1458749425599204,HL,A
6x08,6x08_GK55M,-4.794619202615211,K,B
6b0g,6b0g_GE147T,-0.4035692408653393,DC,E
7bep,7bep_EC9F,1.7108509866411112,GI,C
4k3j,4k3j_LB290W,1.0643947977336454,HL,B
4m5z,4m5z_DA172H,0.5295741372769087,HL,A
7pc2,7pc2_NB282T,-0.0226453932037209,OP,B
7b18,7b18_LB420D,-0.4552284263430719,F,B
3raj,3raj_PA183Q,-0.8628700384593446,HL,A
1mlc,1mlc_RE68D,-3.3390443208749754,BA,E
6dfh,6dfh_PC104M,0.0655484361517413,GJ,C
7mzk,7mzk_IH103M,0.4520631436906592,HL,A
6uc6,6uc6_LB303V,-0.6390587248429032,D,B
6a96,6a96_TO110C,-1.2002881209161105,O,E
4h88,4h88_RA84E,-3.1455646347444515,HL,A
6fy1,6fy1_KG38V,0.0036936158789079,HL,G
3u2s,3u2s_YH117T,-1.12980976423152,HL,G
3q1s,3q1s_YH33P,-3.667568597089555,HL,I
6bf4,6bf4_TA197P,-0.4470401883925605,BC,A
6v7y,6v7y_IA66G,-3.3567701993669896,F,A
6e4x,6e4x_YZ116P,2.834559266922154,ZY,B
7ey5,7ey5_NA107K,-0.2742872844856754,BC,A
6xe1,6xe1_RH96E,-2.0226931543291027,HL,E
5kw9,5kw9_GA168C,0.0844298089570978,HL,A
4xnz,4xnz_QB60E,1.4289715147725697,BC,A
7oay,7oay_TI55S,-0.7100006714362677,J,I
7qez,7qez_TH105E,-0.3816511992963682,HL,A
6osy,6osy_DJ93W,-0.3978707276386219,IJ,G
7sfv,7sfv_YM103M,-0.2807769796155286,MN,B
7z0y,7z0y_YH52S,-3.116493651742661,HL,R
6ek2,6ek2_YH103P,-11.935787803989577,H,A
5nh3,5nh3_TA39C,-0.1236375370501186,HL,A
6lyn,6lyn_QD140H,-0.1374900230260496,HL,D
2fjh,2fjh_HB35F,0.2748563073217835,BA,W
6p67,6p67_KK144I,0.2240334567568784,AB,K
7r8o,7r8o_RB352A,0.1263792382198878,HL,B
6k68,6k68_GC97M,-0.4060384049035788,CD,E
6mph,6mph_LD9S,-0.7527730278296463,HL,D
6gjs,6gjs_GC54M,2.025362420818128,C,A
5d8j,5d8j_YL95A,-0.2245024440573837,HL,A
4krp,4krp_KA365S,-0.4243486204923692,DC,A
5ukr,5ukr_EG127C,0.1965439456697928,HL,G
5f96,5f96_WG53L,-0.8583958798463107,HL,G
5ovw,5ovw_NG58E,0.1733426739910364,G,C
4qhu,4qhu_LD72Q,-1.17455004020376,BA,D
7cwn,7cwn_YC360L,-2.509484009007554,HN,C
7x7d,7x7d_CD155F,-0.0,C,D
5o6v,5o6v_TI58P,-0.5425385675355421,IM,C
3p11,3p11_AL30P,-1.9653249700694788,HL,A
7k9h,7k9h_WM93G,-1.893801849176232,IM,C
6wo4,6wo4_LE7T,-1.3896012895933394,HL,E
6xe1,6xe1_RE78T,-1.382787963028684,HL,E
2htl,2htl_PB363G,-0.2545105842096069,EF,B
7kde,7kde_NJ55S,-1.94642828267912,JI,F
3pgf,3pgf_YH56W,0.6984397817827779,HL,A
5mje,5mje_FA13K,-0.6915971247180868,B,A
6mpg,6mpg_EX98K,-3.906988080091584,XY,D
6osy,6osy_GG5K,-1.5680087498250768,IJ,G
7vne,7vne_AW99I,0.1365321463400262,W,C
6a79,6a79_TL95K,-2.265707752244058,HL,A
2w9e,2w9e_RA27Q,-1.4023194959773408,HL,A
6nb7,6nb7_KG64A,-0.0,GI,C
3h3b,3h3b_QB157H,0.0431184868523695,C,B
3bgf,3bgf_IA165P,-4.822158055118523,BC,A
7rk2,7rk2_MA166C,-0.344457423232718,D,A
5tud,5tud_TC105V,-2.041589258906831,CB,A
5fec,5fec_LI294E,0.0448917103140449,HL,I
7km5,7km5_EA152G,-1.2109706981429418,D,A
4ywg,4ywg_LH107F,-0.0151228039706114,HL,G
5x0t,5x0t_NC30Y,0.4375534662095282,CD,F
6y90,6y90_IH51K,0.0114553196090194,HL,A
7m6h,7m6h_GE26S,-0.2760916518607312,EG,A
6hig,6hig_TB4G,-0.5389031021871793,HL,B
7niv,7niv_TC75A,0.2943025772586842,CB,A
7m3n,7m3n_AL32Q,-1.8147249703493973,HL,A
7d85,7d85_NC31W,-4.425576852486426,BC,A
6xkq,6xkq_SA129C,-0.0448516352321597,HL,A
7ki4,7ki4_VE125M,1.258428062643839,GF,E
7e5o,7e5o_LA122G,-1.2970523763328288,HL,A
5usf,5usf_PB557Y,-0.180564395688636,C,B
5fv2,5fv2_DV51I,0.4511780355532464,B,V
4f15,4f15_SL27H,0.7621156235402009,KL,J
1tzh,1tzh_GW79Q,0.2644195729712213,BA,W
4ffz,4ffz_PA74G,-0.3568811890568819,HL,A
5kaq,5kaq_TA30C,-0.0696105649493277,QR,A
7djz,7djz_YA60M,0.1174029564599826,AB,C
7cwn,7cwn_IN1L,-1.675772367317187,HN,C
7kfh,7kfh_WI108L,-1.3133698913608918,IL,C
5gs0,5gs0_YC90H,-1.4701685170843108,DC,A
6b0g,6b0g_RD105M,0.3005950612390093,DC,E
7te9,7te9_DB27H,0.733172527752836,MN,B
5jds,5jds_YA106C,0.5408669258152838,B,A
7oan,7oan_LB450N,-0.18035715143164,G,B
7w9f,7w9f_QE142W,0.3111699943660868,AB,E
7ldj,7ldj_GB155Y,-0.0928292159388964,E,B
2vxt,2vxt_KI112C,-1.033612732732363,HL,I
4f15,4f15_SJ122Q,-0.090332494542725,KL,J
5xku,5xku_SC101D,1.2311683638598276,CB,A
7mm0,7mm0_SA459V,-0.6322552137653783,HL,A
6s3d,6s3d_VF50N,0.8319291696099378,EF,O
7swp,7swp_CA46K,-0.0,HL,A
6dfg,6dfg_VI105N,1.9611777152197925,IK,D
5m2m,5m2m_SN57K,-1.170623870007737,N,M
6gkd,6gkd_LF151N,0.228811729392443,G,F
6pcu,6pcu_VI105C,0.1363157130079419,IH,G
7ldj,7ldj_QB163F,0.4895555765855093,E,B
5w23,5w23_HH56W,-0.2966722049700907,HL,C
6p9h,6p9h_KC58P,-5.375586751112223,CD,B
6vc9,6vc9_YH51A,-1.0337440587520357,HL,A
6ss2,6ss2_EA22N,-0.5787247244879219,HL,A
6bf4,6bf4_KA174E,-1.3734309054232348,BC,A
6sge,6sge_RD53L,-3.9468192845641767,D,A
7nks,7nks_VB259E,1.298832399762132,CD,B
5n88,5n88_IE21M,-3.268342884785723,H,E
6was,6was_YA104I,-4.420895974416315,AB,G
5bv7,5bv7_YH55R,0.7685250865754163,HL,A
7lxw,7lxw_EA72D,-3.014919139078833,HL,A
6ii8,6ii8_GA216C,-2.827230056394851,GI,A
7km5,7km5_TA138N,0.862909720731051,D,A
3zks,3zks_NA145Q,-0.9257361749603994,D,A
5gzo,5gzo_MA68L,-0.0806950154486814,HL,A
7niu,7niu_YE107N,-0.4010004419576805,ED,A
3p11,3p11_KA408L,0.7075564383051456,HL,A
3wih,3wih_YM49F,-1.3383149958095273,IM,B
7mf1,7mf1_VA150R,-1.0769745240910935,HL,A
6wo5,6wo5_YL32E,-2.0905301744150755,HL,E
4k9e,4k9e_IC24Q,0.8372432104044776,HL,C
5k9q,5k9q_GX103K,-0.1868422390178921,XY,R
5w06,5w06_RT130I,-0.3358808800891963,HL,T
7czw,7czw_YJ104R,-3.2416361015163,JN,C
5kvd,5kvd_EE32G,-2.6903862840553137,HL,E
5nqw,5nqw_GB105Q,-1.8548024613189176,C,B
2q8a,2q8a_LH98A,-0.8185308433125089,HL,A
6nms,6nms_NH101T,-0.2406439125185138,HL,S
6b73,6b73_TB118Q,0.4362230860883755,C,B
7mzj,7mzj_AB144Q,0.3796567425541308,CD,B
5veb,5veb_PB95G,-0.2547286773066028,AB,X
7ldd,7ldd_AA257V,-0.7034471249891805,L,A
7b18,7b18_LB420N,0.1432207983488538,F,B
3rjq,3rjq_KA248E,-0.4606395252404687,B,A
7czw,7czw_YC411R,0.0090752959146055,JN,C
7kqb,7kqb_SK50P,-3.168899665107632,KJ,C
3eo1,3eo1_SE30E,0.5485679287621412,ED,F
4u6h,4u6h_SA54A,-1.0373243201836229,AB,E
2p43,2p43_YB35P,-0.1664047650318945,B,A
4m1c,4m1c_RA417M,-2.048955273831884,CD,A
6i6j,6i6j_EA173I,-0.5853409055506766,C,A
6bkd,6bkd_VH102L,0.0524104468818762,HL,E
7n65,7n65_II279S,-1.3590082006555335,KL,I
7qnd,7qnd_MD132Y,0.1086583851848075,M,D
2vir,2vir_SC117F,0.4293298629300206,BA,C
7n3c,7n3c_FH105D,-1.7394394926427512,HL,C
6war,6war_GB102H,-4.116874984649646,B,A
7d5u,7d5u_ED47V,0.1581977386842432,D,A
3gi9,3gi9_YH32M,-1.555189147513521,HL,C
6mlm,6mlm_SA189G,-0.2331354286269822,EI,A
6nyq,6nyq_WL96I,-1.4420550642509065,HL,C
3w9e,3w9e_TA28W,-0.5390400889684361,AB,C
6wtu,6wtu_KD210G,-0.8832871912831592,EF,D
7bq5,7bq5_PB75W,-0.3965601423956366,CD,B
6yio,6yio_RB106P,-4.480709936810969,HL,B
7lop,7lop_NY53A,-1.61915303501074,XY,Z
5w6g,5w6g_AA169Q,-3.573349587686071,HL,A
3b9k,3b9k_VF57N,-0.1046510304806183,DC,F
6nn3,6nn3_SH70C,0.4598581201335305,HL,A
6x4t,6x4t_LD102C,-2.7915055502237207,DF,A
5veb,5veb_DX79G,-0.0979065273666663,AB,X
6al5,6al5_HA168G,-0.350122494535737,HL,A
7m7w,7m7w_DR97M,-2.713140962140943,EF,R
7epx,7epx_VA329F,-0.4245889256145698,HL,A
6w7s,6w7s_AH162N,-0.3893588163484855,HL,A
5kel,5kel_GA218L,0.0649212376406693,CD,A
5d8j,5d8j_GA28K,-1.0000997780804886,HL,A
4zpt,4zpt_DR159N,-1.2573109223657537,AB,R
7mzj,7mzj_GD29I,0.4739699439339117,CD,B
7wue,7wue_YC101V,-1.7094430847894893,CD,A
5yhl,5yhl_YL32S,-1.258680583503724,HL,A
4zs6,4zs6_VA150K,-0.7716641849056463,HL,A
5en2,5en2_DC28L,-4.490587610871268,AB,C
7ps0,7ps0_SB104E,0.0912521763957605,BC,A
6chb,6chb_AM105H,-0.0949509717558176,MN,F
6mto,6mto_LT117Q,-1.050883721640658,HL,T
4dke,4dke_KI102E,-0.4511663935533205,IM,B
6lyn,6lyn_IL31W,-0.0537131336201985,HL,D
4nik,4nik_HA154N,-2.8309437229249363,B,A
7mzj,7mzj_IB137F,-0.3206814936387037,NM,B
4f15,4f15_RJ71F,0.1674174345397689,KL,J
7ps5,7ps5_SH55L,1.4451921601852362,HL,E
6n8d,6n8d_NF31F,0.3445993756680241,FE,C
7kfh,7kfh_GC216T,0.005034518651835,IL,C
7m7w,7m7w_SL95I,-0.1581041555551159,HL,R
7mzk,7mzk_TA167K,-0.4512343614581913,HL,A
7tp3,7tp3_AZ39N,-0.0738164126330591,HL,Z
7rbu,7rbu_IB190G,-0.1604020447072531,HL,B
7d5z,7d5z_KI87H,0.0335802418739268,LK,I
2fjg,2fjg_AB54K,1.475148935812718,BA,V
7l58,7l58_YH101V,-0.7581058674966181,HL,B
7a5v,7a5v_YO106W,1.2317512632873442,O,A
6wvz,6wvz_AM66I,2.1052640004648926,HL,M
6wty,6wty_KC67N,-1.1242727424559529,BC,A
7ld1,7ld1_QB307H,-0.7505210447570172,HL,B
6dfj,6dfj_YH33F,-1.4993119608982497,HL,E
7b3o,7b3o_VH2F,-0.9602323774861186,HL,E
7niv,7niv_YC81Q,-0.6740109905325851,CB,A
7niu,7niu_SE33M,-0.8660036545736454,ED,A
3bn9,3bn9_PF109V,9.208909057819325,FE,A
5w6d,5w6d_IH107V,-0.8119647007148083,HL,G
6att,6att_YH105L,0.9952157175071916,HL,A
6bt3,6bt3_PM171V,-5.192209210043784,DC,M
5ggr,5ggr_AZ100D,-1.5456340994183997,HL,Z
6os0,6os0_AD96G,-0.040012418423637,D,A
7kfb,7kfb_AI111R,4.293837299598952,IL,C
7nqa,7nqa_SB122K,-0.0409230774476216,C,B
7mzj,7mzj_KN54I,-0.1914126867257424,NM,B
1fsk,1fsk_YI32D,-1.3343358549844453,IH,G
7kn7,7kn7_YA156G,-0.7812814893616857,HL,A
4n1e,4n1e_WJ123R,0.3794517688584236,D,J
2kh2,2kh2_GB183L,-0.4764175315549719,B,A
6ln2,6ln2_LA83T,-0.6325201073229092,CB,A
7shu,7shu_RA63A,-2.424556792742431,CD,A
4rrp,4rrp_YL50R,1.3236803425382762,LF,R
7wd9,7wd9_LB552R,0.0799937618050611,EF,B
6war,6war_WB101D,-4.690518164659178,B,A
6gju,6gju_VB50H,-3.675568780239691,B,A
4tsa,4tsa_NA47V,-0.5308016163189678,HL,A
1ken,1ken_QA181N,-0.3459953143439398,HL,A
5j56,5j56_WB108M,-3.700395351399335,B,A
7lcv,7lcv_GC67Q,0.2479588568218005,AB,C
7e7y,7e7y_GR153R,-1.4338088120945134,AB,R
6xzw,6xzw_GL51T,-3.1423421270166862,HL,D
7rgp,7rgp_RA11T,-0.5533121610933074,E,A
7dk5,7dk5_YA477Q,-0.6089968275611728,ab,A
6x06,6x06_YK103S,0.0189169910953521,K,A
7ps4,7ps4_VA151Q,-2.1113111855335287,BC,A
6chb,6chb_DF402I,0.7583270131803486,MN,F
3pgf,3pgf_YH49A,-1.4252967786274966,HL,A
5kaq,5kaq_IA354N,-2.9233681055592013,QR,A
1ztx,1ztx_YH27P,0.0146393205403729,HL,E
6wh9,6wh9_DD307Q,-0.3165373314126851,EF,D
7m42,7m42_WD103V,-1.904313938217388,DC,E
7jtr,7jtr_RH98P,-0.1127821362813659,H,G
4qhu,4qhu_LD72H,-0.1173865870824828,BA,D
6ddv,6ddv_GC57Q,0.3624418340935778,BA,C
5c8j,5c8j_ME106K,-0.6961866304086786,EF,J
6c9w,6c9w_FA239P,-1.3914130491296577,B,A
6mn7,6mn7_YG104I,-1.1123806755728856,G,A
6r2s,6r2s_EC285Q,-0.0754940150815606,BA,C
7lss,7lss_SB350W,-1.66874059697896,HL,B
4i77,4i77_NL95A,-0.2159837330425915,HL,Z
4bz1,4bz1_NH59W,1.2881531861291349,HL,A
6rvc,6rvc_GF100E,0.2268298230758816,F,C
7rr0,7rr0_CA155R,-0.0,BC,A
7kez,7kez_AH103K,-0.4146121747208626,HL,V
5xhv,5xhv_YE176N,-0.1552228377520592,HL,E
1ztx,1ztx_HL91N,0.2383476701157854,HL,E
6mpg,6mpg_VD2M,0.8967960393220193,XY,D
7lm8,7lm8_VA112N,0.2798294142275499,MN,A
7nd0,7nd0_YA527T,-1.3064986227879816,HL,A
4k4m,4k4m_TI32W,1.123069161232432,IM,B
5ywo,5ywo_WN50Q,0.2530891171315246,NM,C
7kqe,7kqe_SM69A,0.3020242452327868,JM,C
6fe4,6fe4_GF102V,0.7539647581458182,F,A
5vjq,5vjq_KL93E,-2.035850555009481,GH,L
4ydl,4ydl_QH64H,-0.0630147143846984,HL,G
5tud,5tud_TC104F,0.5816228312054552,CB,A
3zkx,3zkx_EA135C,-2.264957684277084,B,A
3raj,3raj_SA225C,0.1105525367712982,HL,A
6wty,6wty_KC67R,0.560205527193887,BC,A
7r8l,7r8l_FE153G,-0.3340060359419656,HL,E
6gkd,6gkd_DF152C,-0.9326519323091418,G,F
7mdt,7mdt_IA99P,-0.2752497062217642,HL,A
4i77,4i77_EZ5R,1.3685027696900702,HL,Z
7jtr,7jtr_RH98S,-1.1546283479345103,H,G
7mep,7mep_SI57N,-1.6252098702448805,IG,E
6bfq,6bfq_TJ81G,-2.1052070405084544,EF,J
6lbh,6lbh_YE55V,-3.3687993673421404,EF,A
3ri5,3ri5_IN32V,-0.523093241977971,FN,B
6h3u,6h3u_YL50A,-2.4616755022307446,HL,B
6okp,6okp_EF167S,-0.0108925844141221,QR,F
1fj1,1fj1_KE208N,-1.244852831864733,DC,E
5gzo,5gzo_HL91S,-2.197684957985952,HL,A
5y80,5y80_DA36M,-0.8128786993976274,B,A
7mkl,7mkl_WL90A,-2.328471714821016,HL,A
6mto,6mto_LT117N,-1.6484869472295205,HL,T
5xwd,5xwd_SA437P,-2.1540527515029453,HD,A
5w23,5w23_TH105W,-5.943409029012248,HL,C
7ezv,7ezv_YA116F,0.1068775072915655,HL,A
6nb7,6nb7_VC350A,-0.7441981000056224,GI,C
3eob,3eob_AJ67M,1.0927663913582246,BA,J
7mzn,7mzn_SH53H,-1.2837803089522888,HL,A
2kh2,2kh2_EA105F,0.179396544820741,B,A
2ghw,2ghw_QC175I,0.415723663450575,D,C
6ute,6ute_LC108F,0.9198070607869366,CD,S
5m2m,5m2m_RH53F,-0.5849906286454858,H,G
6y9b,6y9b_QA134E,1.2391358804581825,IM,A
7jmo,7jmo_YA156W,0.7349155234984068,HL,A
3lev,3lev_LL91H,0.4047727196556008,HL,A
7kmh,7kmh_YA33C,-2.857179891474691,AB,C
7ps0,7ps0_YB52I,0.1363245667527841,BC,A
4lu5,4lu5_MA21P,-2.7320781042260824,IM,A
6a96,6a96_TO110Q,0.1608894049194185,O,E
7tdn,7tdn_NB71D,-0.5076419875604865,HL,B
7sfv,7sfv_SB218R,3.1700871359653564,MN,B
6bpa,6bpa_KA227E,-2.856617411826764,BC,A
5gs2,5gs2_SH53Q,1.9898299841913267,HD,A
7d8b,7d8b_DD122W,-0.9014573192286566,D,C
6mei,6mei_HC25Q,-1.0627857310413795,HL,C
4k8r,4k8r_DD33Q,1.3805833081395182,DC,B
6txz,6txz_KM54D,-0.0509108569565799,IM,B
6dfh,6dfh_EG111V,-3.66839475063884,GJ,C
4u0r,4u0r_VA47W,-0.4185026977675439,BC,A
2adf,2adf_FA92C,-2.913262914007444,HL,A
6ii8,6ii8_AA180C,0.0252377562002619,GI,A
4ht1,4ht1_WT113F,0.3410167883208048,HL,T
7vne,7vne_AW99Q,0.7901409475127004,W,C
6pis,6pis_RA47A,-1.811598329533397,IM,A
5t5f,5t5f_QA58G,-3.5035410175327333,HL,A
7so7,7so7_GX99S,-0.2240323327685871,XY,B
5vgj,5vgj_NL33Y,-0.1247419122082864,HL,G
4qhu,4qhu_LD72E,0.2573729775187188,BA,D
7czt,7czt_YI105A,-0.876953319900623,IM,C
7rxi,7rxi_GL28W,1.0862500952066656,HL,A
7pqz,7pqz_KE111M,-0.9980518914260385,AB,E
3thm,3thm_PF11C,-2.2479130866968564,HL,F
4ye4,4ye4_NG302H,2.72561127663214,HL,G
7qnd,7qnd_NM109P,-4.0484512620885145,M,D
5o7p,5o7p_GC380V,0.1620746738758347,BA,C
7ezv,7ezv_GA114I,0.008840983461029,HL,A
6pzz,6pzz_AL50I,-4.547336735530475,HL,A
4ydl,4ydl_FH76H,-1.3177424253311398,HL,G
4utb,4utb_VB94K,-3.1855623543363905,IM,B
7kex,7kex_TH71P,-0.4917208746890364,HK,B
1osp,1osp_YH101T,-0.5503332510254038,HL,O
3ks0,3ks0_NB25F,-1.794425488038815,HL,B
6oz3,6oz3_GG301I,-1.4000599206451103,HL,G
5fb8,5fb8_RC37Q,-3.041527417416755,BA,C
7e3l,7e3l_KA356G,-0.5661827409554501,DE,A
6ddr,6ddr_EC82F,-0.9053947915837685,BA,C
5occ,5occ_RA120P,0.237038463865731,HL,A
7lm8,7lm8_KA111W,1.999384810100565,MN,A
7kn7,7kn7_YA140H,1.726210108821052,HL,A
3ri5,3ri5_YF105D,-0.9644171579905796,FN,B
5k9o,5k9o_NA59Q,-1.7426361201106997,AB,F
1eo8,1eo8_FA86T,-2.054499067602074,HL,A
4ydi,4ydi_EL91F,-0.8703288349935767,HL,G
6ymq,6ymq_YB31S,-1.337779684574487,B,I
6fuz,6fuz_LA153T,0.5987481640903757,N,A
6a79,6a79_YH59M,-0.6092723343280728,HL,A
7rfc,7rfc_GH104C,-5.21699560534202,HL,D
3ubx,3ubx_VD67L,0.8236838972468847,GI,D
3lev,3lev_PH103L,-1.0476325020956991,HL,A
5n88,5n88_KE63G,-1.0586930842574505,H,E
7chp,7chp_SL67E,-0.4689292657547332,HL,E
2xqy,2xqy_RA222E,-2.9453618100218435,GL,A
6bfs,6bfs_SH28R,2.679527916794771,HL,C
7beo,7beo_FF94V,-0.014809193987366,EF,X
7my3,7my3_GD26T,-0.8928625552866469,D,B
6ni2,6ni2_RB2A,0.2541472097416525,HL,B
6i6j,6i6j_EA173G,-1.4804960823492617,C,A
4lhq,4lhq_TC113S,-2.147934562013339,D,C
7pi7,7pi7_AE54Y,0.3990187760183987,EF,D
7coe,7coe_KD122S,-0.5299893380625977,BC,D
6dfg,6dfg_YI103V,0.0624216690654108,IK,D
7v2a,7v2a_YI103P,0.5145549092770233,IH,C
7kmi,7kmi_YA52P,-1.855928390142812,AB,C
7ls9,7ls9_SG31M,2.199197163776515,EG,C
6eqc,6eqc_QC409V,-1.0736676009502963,F,C
1ken,1ken_QA181D,-0.5110271771899703,HL,A
7rgp,7rgp_RA11M,-2.1915577154550023,E,A
7l7e,7l7e_Fb153E,-3.3945226433759434,TU,b
6ddv,6ddv_TB54S,0.0185779912414674,BA,C
6rpj,6rpj_CD106A,-0.0,D,C
6c08,6c08_TD59E,0.2337738744974931,DE,F
7n4m,7n4m_SL96G,-0.0893642014218676,HL,A
1jps,1jps_AH101D,-0.0076960134254111,HL,T
7det,7det_DB55V,0.2271132002977807,B,A
5en2,5en2_KC83F,0.4325652949980552,AB,C
6dfg,6dfg_ND96K,-0.7749531769275442,IK,D
5utz,5utz_MA23H,0.7950322579405484,BC,A
3opz,3opz_YH29S,-0.3142433301449483,HL,A
7m7w,7m7w_PR53C,-1.4207903205174872,HL,R
6bf4,6bf4_RC32Y,-2.986074225206884,BC,A
7t3d,7t3d_YB26F,0.0242273974888829,HL,B
4uta,4uta_SI56M,0.0514369793500444,IM,A
6weq,6weq_WA321E,-0.7089094478884159,EF,A
5dup,5dup_SL64V,-0.1063931748315644,HL,A
7tdm,7tdm_NB74H,0.1348974044160404,HL,B
7te9,7te9_DB27I,-4.430355148961029,MN,B
7lop,7lop_AX105Q,-1.6516082720172245,XY,Z
7jum,7jum_FH54C,-4.020682258194785,H,A
5ezo,5ezo_RL96A,-2.426856523744993,HL,A
7kf0,7kf0_YB36E,0.7892322827496525,AB,C
7wd9,7wd9_KB527V,0.692191082585107,EF,B
7s11,7s11_PI101R,-0.3950741706110126,IM,D
4dag,4dag_NA302P,0.8776819766707706,HL,A
4f3f,4f3f_NC40H,0.0858729662242983,BA,C
6u0n,6u0n_SI30V,2.36008496757107,IJ,B
5m2m,5m2m_YN55P,-1.6123447810211395,N,M
6ysq,6ysq_DA696P,-1.3090733823970846,C,A
5i9q,5i9q_RA321W,0.2204318600145489,BC,A
6cdi,6cdi_AH59Y,2.2929311623186366,HL,D
4x7e,4x7e_ID31T,-0.7060463701832635,D,B
6glx,6glx_SC100G,0.4884879316368387,CD,B
5gzo,5gzo_VA241P,0.152491181574333,HL,A
1nfd,1nfd_PD218H,-0.8228471917070594,HG,D
4ut6,4ut6_DI105T,-0.0593534779286191,IM,B
5sv3,5sv3_YD101C,-1.9840285938936288,C,D
4s1q,4s1q_RH72E,-3.5172189181638016,HL,G
5eu7,5eu7_YF110G,-3.32314088879304,FD,B
7lkh,7lkh_LA197C,-1.8477399768080431,HL,A
4g7y,4g7y_VS104K,-0.1108840680805982,HL,S
6ivz,6ivz_HA66R,0.7606160261546517,HL,A
5t33,5t33_DH105K,-1.3382112588734678,HL,G
5f7w,5f7w_GA398C,-2.7394436427472204,C,A
6woq,6woq_AF40D,-0.0068665658168696,CD,F
6glx,6glx_YC56W,0.3702349306340393,CD,B
2q8a,2q8a_NH77V,1.2759294989961951,HL,A
6bkb,6bkb_IE18E,-0.7597704988682832,HL,E
6bfq,6bfq_EJ24R,-1.746190230611751,EF,J
5fhc,5fhc_AH103H,-2.500640913801768,HL,K
6x98,6x98_EC217Q,-0.5896040326488172,FE,C
7rr0,7rr0_CA155A,-0.0,BC,A
7lxz,7lxz_YB225W,1.316381812784854,GI,B
6dfj,6dfj_EE87C,-1.3603458840722251,HL,E
6fe4,6fe4_NF52T,-1.2923714889420703,F,A
7jvb,7jvb_AC51M,1.0184861032736947,C,A
6hhu,6hhu_KA191G,-1.1220285589524996,G,A
5gzo,5gzo_RL30V,0.3503196524430574,HL,A
7e3b,7e3b_LA120C,-0.2567643626479619,BC,A
3bn9,3bn9_QF110A,-0.6509202794785034,FE,A
5uqy,5uqy_QA91I,-0.7619299230618886,DC,A
5en2,5en2_HC12T,0.0538294824651739,AB,C
5vl7,5vl7_SB190C,0.4613669431337668,HL,B
7mxl,7mxl_EC101S,-2.36480517904677,HL,C
7m3n,7m3n_AL32N,-0.926297947148464,HL,A
6ss2,6ss2_RH30S,-2.5963242703464084,HL,A
7q9g,7q9g_TE28R,-1.58247190059706,EF,B
5x0t,5x0t_FC31G,-3.3251316301319847,CD,F
7kej,7kej_YI110K,-2.4081352972258063,IL,C
5d8j,5d8j_TA31K,-0.113666867413146,HL,A
3x3f,3x3f_DA29P,-1.8946137070940088,HL,A
7jtr,7jtr_RH98M,-2.04588235639594,H,G
4n9o,4n9o_DA61S,-2.0678904297614307,B,A
7tpg,7tpg_HB309P,-4.409433438198697,HL,B
6x4t,6x4t_FD104H,-0.5264347413186901,DF,A
5ezo,5ezo_DA58L,0.2479813039188709,HL,A
7ld1,7ld1_YB399H,-1.3389226115837944,HL,B
6gjq,6gjq_MA157G,-0.8216022371054525,B,A
3eba,3eba_VA98N,-0.7848884406603829,A,B
6lyn,6lyn_DD139Y,0.7298940858975906,HL,D
3zkx,3zkx_EA135I,-1.9202183623999631,B,A
7rfc,7rfc_FH106G,-3.852710529051733,HL,D
7kzz,7kzz_DA217V,0.2109490701089678,DC,A
6e4x,6e4x_IZ33P,-0.1328355888753891,ZY,B
7beo,7beo_YE111Q,-0.5572949865309726,EF,X
7e3l,7e3l_FD110N,-0.9540995265771276,DE,A
1tzh,1tzh_SA91P,-0.3991776148466597,BA,W
7neh,7neh_QE167M,-1.009334065503734,HL,E
6v7y,6v7y_SF30M,0.3015972562290949,F,A
6mu8,6mu8_PE56R,2.3289369181400827,DE,B
4u0r,4u0r_NB52P,-1.485283423381132,BC,A
7kgv,7kgv_NC55D,0.3741633376655187,CE,B
7anq,7anq_TB61N,-1.268259548191666,B,A
6ko5,6ko5_TH55Q,0.2437211164862809,HL,A
4xak,4xak_RH109D,-3.3099436434427263,HL,A
5wi9,5wi9_SE92E,0.1010328578063772,FE,B
7jum,7jum_VH2S,0.0861661255062491,H,A
7pij,7pij_GB100A,-0.9738941818424562,N,B
6b73,6b73_SC103C,-0.0246304068720597,C,B
6phb,6phb_SB30N,-0.0574137556395135,BA,E
6mlm,6mlm_SE58M,0.6419006679826778,EI,A
6m58,6m58_MC27K,-1.5089448284181246,CD,B
7l7r,7l7r_LG238A,-1.3016531177474748,BA,G
1e6j,1e6j_LP195M,-0.8272933621202305,HL,P
3kj4,3kj4_RB33N,-0.2291902922653548,CB,D
7wue,7wue_YC103D,0.6525633149800709,CD,A
6wtu,6wtu_KD210L,0.345382879620371,EF,D
7l2e,7l2e_LB233M,-1.5261678855342913,GJ,B
7jks,7jks_NH59A,-2.7056553317635483,HL,G
5f72,5f72_YK248G,-2.633504749592123,S,K
7mzk,7mzk_IH103P,-0.0569050640201052,HL,A
6xkp,6xkp_YL30E,-2.9088919794814685,HL,A
7dk0,7dk0_GA103M,1.106624079300884,AB,C
2dd8,2dd8_GS168D,-3.692334569208728,HL,S
7kqe,7kqe_VC364H,0.0522065940166485,JM,C
4nik,4nik_KA160D,-0.5356647773811356,B,A
6n8d,6n8d_AF109F,0.142529763390649,FE,C
4uv7,4uv7_DA338F,-3.086607475732795,HL,A
7tht,7tht_VV381Y,1.822544055224501,db,V
6nf5,6nf5_FE101W,0.8317982590842319,EF,C
7a5v,7a5v_VA192P,-0.035567382152803,O,A
6wvz,6wvz_YH32L,0.0527728690033653,HL,M
7qn8,7qn8_EC147Q,-0.0254115319322283,L,C
3p30,3p30_EA60F,1.000284116962879,HL,A
7neh,7neh_SE146D,0.0245846469870878,HL,E
7rw2,7rw2_WG110P,-4.673620586776247,GJ,B
7swd,7swd_LI59R,0.0387182496474927,I,B
7l7r,7l7r_YA32F,0.7588032399680682,BA,G
6ocb,6ocb_SL56K,0.5777389546025711,HL,A
6phb,6phb_RA95S,-0.6638351969736478,BA,E
5ggt,5ggt_FH54S,-1.6198075081320678,HL,A
7bpk,7bpk_NB209F,1.4969772303483202,HL,B
3nfp,3nfp_MI109D,-0.2424077932859367,HL,I
5d8j,5d8j_SL93F,1.73308349131646,HL,A
7mzn,7mzn_GH54A,-0.0201393270341612,HL,A
7e39,7e39_NA155D,-0.5910152985117372,CB,A
1fbi,1fbi_DQ55V,-0.0170336747306458,QP,Y
7q9k,7q9k_RB316V,0.2820885253748308,DE,B
5hgg,5hgg_SB217C,-0.9352486846990692,S,B
1sy6,1sy6_SH54V,0.2086603727387173,HL,A
6y90,6y90_SH99L,-1.7849181541543422,HL,A
6bkb,6bkb_IE18S,-1.901626764091434,HL,E
7m3n,7m3n_NA57C,-0.6443488650357521,HL,A
7qny,7qny_RE13K,-1.2256445454511204,AB,E
6ymq,6ymq_LI107Q,-1.3812768200559145,B,I
7lkh,7lkh_LL94W,2.780263160530945,HL,A
6vca,6vca_LC133V,-1.3849590698537635,KJ,C
6bkd,6bkd_VH105N,-0.0881954368371058,HL,E
4uta,4uta_RA73T,0.5288142128455662,IM,A
6d2p,6d2p_DC44R,-0.6465033174797041,HL,C
5w6g,5w6g_SA165R,-0.919461783930806,HL,A
4lsu,4lsu_DG228Q,-1.8203664904648087,HL,G
6ek2,6ek2_YH103F,0.4730374613512821,H,A
7e7y,7e7y_SA55M,0.5182602363710802,AB,R
6bkb,6bkb_IE18F,0.2887746080113105,HL,E
4plj,4plj_PC95M,-0.9998440084605396,DC,B
6nb3,6nb3_SL94P,-6.594644998636991,HL,C
4oqt,4oqt_AH31S,0.387290393148736,HL,A
6ww5,6ww5_FA379Y,-0.1223432853186843,EF,A
6b08,6b08_VA102C,-1.1009300954501178,CB,A
7n28,7n28_KF139T,0.2008925033001742,XY,F
5wi9,5wi9_AB284G,-0.0837754383962878,FE,B
7lo7,7lo7_EZ199C,-0.7722143503383798,HL,Z
7ki4,7ki4_NE147M,-0.457105399564512,GF,E
2kh2,2kh2_GB183I,-1.4195902658320323,B,A
7r40,7r40_FC451L,-4.077493460741248,EG,C
6ba5,6ba5_DO67Q,-1.6559292000799637,FE,O
7d5z,7d5z_EI288R,-0.0286496431326181,LK,I
2q8a,2q8a_GH26Q,0.470692778220422,HL,A
7chh,7chh_SD25T,-0.2325987715099424,DE,A
5vl7,5vl7_TH74E,-0.0226063824183988,HL,B
6flc,6flc_EG87Q,-0.1588667123309841,HL,G
6v7y,6v7y_FA55Y,0.0405628238709976,F,A
6a79,6a79_SL94T,-0.2771992547952238,HL,A
6y90,6y90_SH99T,-0.0320377115822174,HL,A
6bpe,6bpe_GI14S,-3.163796358730026,HI,G
7nd7,7nd7_WG98P,0.0499374801802282,FG,B
1jto,1jto_WL62K,-4.191167948058101,A,L
5fv1,5fv1_CW49Y,-0.0,M,W
7mf1,7mf1_SH105T,-0.4266504049276987,HL,A
6eqc,6eqc_LF104I,-0.995668830781274,F,C
5f97,5f97_GB404E,-1.9423565591666248,F,B
6lgw,6lgw_NE309T,-1.2589477193925602,AB,E
7dzx,7dzx_RC188M,10.263409045138458,HL,C
7e3c,7e3c_EA74Q,-1.9942156533011488,BC,A
5lsp,5lsp_NA75G,-1.9555984806446869,HL,A
5m30,5m30_KE96C,3.1732467984355592,E,A
6ion,6ion_YH103R,2.5313716458125888,HL,A
7kgv,7kgv_NC52V,-0.4118414675506339,CE,B
2fjg,2fjg_YA92G,-0.8406806351992069,BA,V
6dkj,6dkj_HD87G,-1.290954144693978,AB,D
4ut6,4ut6_NI113V,7.322800594855481,IM,B
7kgv,7kgv_VE97R,2.145663235467448,CE,B
6tyb,6tyb_NH103G,-1.8093898450484431,HL,G
7a0v,7a0v_IF101L,0.1575926122516815,F,E
6orp,6orp_YL32V,-0.9713997130075888,HL,G
4f15,4f15_SL27L,-0.4771151260682957,KL,J
7ly3,7ly3_YF59D,0.2207379340103421,FE,B
6x98,6x98_KF56N,-1.853023205983862,FE,C
4zso,4zso_FF66E,0.2977130761847897,DC,F
4wgv,4wgv_KC243F,-0.0841888317514194,D,C
6nb3,6nb3_VH106M,0.2737309967603276,HL,C
5jds,5jds_VB109P,-1.3683940762641889,B,A
4uao,4uao_TC53H,-1.0841044643007738,CB,A
7epx,7epx_YA291G,-1.328683394170304,HL,A
6yxd,6yxd_EA3T,-1.570043618820762,HL,A
1ahw,1ahw_YB32T,-0.940576097440669,BA,C
2uzi,2uzi_RH53I,-2.096931313343885,HL,R
7q9g,7q9g_NB457H,0.0085329314126318,EF,B
7shu,7shu_RA63D,-3.1746951817602094,CD,A
5f9o,5f9o_YH60Q,-0.2767624014740585,HL,G
5c0r,5c0r_QA85P,-2.410853884183912,HL,A
5d71,5d71_GL56N,0.2707331525505905,HL,A
6vn1,6vn1_FB503N,-1.6105158279721508,IM,B
6vo3,6vo3_FJ92Q,0.2348559029255794,GJ,C
4h88,4h88_TL93Q,0.2604818990155624,HL,A
4m1c,4m1c_YC94R,-1.2589046184109889,CD,A
4utb,4utb_VB94L,0.4563345856810021,IM,B
7rd5,7rd5_EE92I,-1.7399321459206352,DC,E
7jix,7jix_SA142H,1.828236072898596,HL,A
6nip,6nip_NH104A,0.1922805619782555,HL,Z
3rjq,3rjq_RB104K,-0.3839320693168433,B,A
7llk,7llk_VK114W,0.0036245284796454,KL,I
7lxz,7lxz_SB231I,0.4709400215860528,GI,B
3hi1,3hi1_SA30K,0.7180962115283398,BA,J
4qhu,4qhu_RD74F,-1.7988944339838615,BA,D
7swo,7swo_QA160M,-0.5059691718390993,HL,A
7qnd,7qnd_NM109Q,-2.5540568720762007,M,D
4m5z,4m5z_DA172Q,0.1568576644625272,HL,A
6j11,6j11_YE34D,-0.165583482210234,DE,C
4zso,4zso_YD53G,-2.687495105995539,DC,F
7lfb,7lfb_VX78M,-2.1866888053926337,HL,X
7jie,7jie_LD55K,-3.212237943546742,CD,B
6mu8,6mu8_TB13K,0.9084105883234748,DE,B
7po5,7po5_NZ58D,2.4360142907033504,ZD,B
2xqy,2xqy_DG52V,-2.379640957784602,GL,A
4dke,4dke_KI102A,-0.7690404078263353,IM,B
4om0,4om0_WG277S,-0.249650852287405,HL,G
7ld1,7ld1_YL98R,1.4230258354078171,HL,B
7cm4,7cm4_YA158K,-1.6292581756752746,HL,A
7kf1,7kf1_EV81C,-0.4131413409825899,HL,V
5esv,5esv_IC109H,-0.4924663621288776,CD,F
4p59,4p59_IL29D,0.2993919093391777,HL,A
6nf5,6nf5_QF28M,0.8292289716791841,EF,C
4hcr,4hcr_YL37E,-0.912912989735218,HL,A
4uv7,4uv7_IH51H,0.1733397036491,HL,A
6vy5,6vy5_PA295C,-0.9522778761242632,HL,A
5wux,5wux_QF80Y,-1.2022621804367724,AB,F
7kn7,7kn7_FA153R,-0.3004256607278459,HL,A
7ntc,7ntc_NL53C,-1.266802471849676,HL,C
1tzh,1tzh_GW79D,0.8896508377984491,BA,W
6y90,6y90_SH99M,-3.7141525729706384,HL,A
7d8b,7d8b_SD118E,0.1376045447384677,D,C
7kql,7kql_GH57D,-0.082047734955462,HL,T
5dfv,5dfv_KC101A,-0.704503107216192,CD,A
5o1r,5o1r_DA51I,-1.1789729669939133,HL,A
6wtu,6wtu_KD210S,-0.1249658856978022,EF,D
7kde,7kde_WJ76T,0.026566169632747,JI,F
7c6a,7c6a_AA278W,0.337529607952991,HL,A
5f96,5f96_TH102Q,-0.349474580841234,HL,G
7nks,7nks_GC102A,-5.21882347854309,CD,B
7mjs,7mjs_EH101M,0.136823440791592,HL,X
5ukr,5ukr_FH56L,-0.0824198561752789,HL,G
5lhp,5lhp_NA154W,-0.0641282992014595,B,A
6k65,6k65_GH33E,-0.9415254114555776,HL,A
4jan,4jan_GI143H,-2.729812824629809,AB,I
5wth,5wth_AB62F,0.3945410642047938,ED,B
