pdb,complex,chain_prot1,chain_prot2,labels,ab_chain,ag_chain
1sy6,1sy6_SA105V,HL,A,0.9838000000000005,HL,A
1sy6,1sy6_EA106K,HL,A,-4.76715,HL,A
1sy6,1sy6_GA117N,HL,A,-0.5036000000000005,HL,A
1sy6,1sy6_GA117I,HL,A,-0.2103000000000001,HL,A
1sy6,1sy6_GA117F,HL,A,-0.3970000000000002,HL,A
1sy6,1sy6_DA119L,HL,A,-0.3092000000000006,HL,A
1sy6,1sy6_DA119M,HL,A,-0.2285000000000003,HL,A
1sy6,1sy6_EA120M,HL,A,0.2909000000000006,HL,A
1sy6,1sy6_SA153M,HL,A,0.2223000000000006,HL,A
1sy6,1sy6_SA153R,HL,A,1.0245999999999995,HL,A
1sy6,1sy6_DA157F,HL,A,-0.3583999999999996,HL,A
1sy6,1sy6_RH31D,HL,A,-1.263959999999999,HL,A
1sy6,1sy6_TH33R,HL,A,-5.51162,HL,A
1sy6,1sy6_NH52D,HL,A,-3.24541,HL,A
1sy6,1sy6_NH52M,HL,A,0.4171999999999993,HL,A
1sy6,1sy6_SH54G,HL,A,0.0311000000000003,HL,A
1sy6,1sy6_DH101E,HL,A,-0.1346000000000007,HL,A
1sy6,1sy6_YH104W,HL,A,1.0975,HL,A
1sy6,1sy6_YL31N,HL,A,-2.126429999999999,HL,A
1sy6,1sy6_NL93V,HL,A,0.2994000000000003,HL,A
2dd8,2dd8_SH30P,HL,S,-0.0906000000000002,HL,S
2dd8,2dd8_GH49V,HL,S,-0.1075999999999997,HL,S
2dd8,2dd8_GH49M,HL,S,0.3947000000000003,HL,S
2dd8,2dd8_TH51V,HL,S,-1.7403399999999998,HL,S
2dd8,2dd8_LH54M,HL,S,-0.2041000000000004,HL,S
2dd8,2dd8_IH56C,HL,S,-0.4779999999999997,HL,S
2dd8,2dd8_AH57K,HL,S,-0.1688999999999989,HL,S
2dd8,2dd8_VH100N,HL,S,-0.4277999999999995,HL,S
2dd8,2dd8_VH100W,HL,S,-0.2915999999999989,HL,S
2dd8,2dd8_SL92V,HL,S,1.1498000000000008,HL,S
2dd8,2dd8_SL92W,HL,S,1.1240000000000006,HL,S
2dd8,2dd8_DL95H,HL,S,-0.7172000000000001,HL,S
2dd8,2dd8_KS45Y,HL,S,-0.532,HL,S
2dd8,2dd8_RS106S,HL,S,-0.6781000000000006,HL,S
2dd8,2dd8_YS116S,HL,S,-0.6143999999999998,HL,S
2dd8,2dd8_YS116T,HL,S,-0.6133000000000006,HL,S
2dd8,2dd8_GS162K,HL,S,-0.2872000000000003,HL,S
2dd8,2dd8_YS164Q,HL,S,-2.83094,HL,S
2dd8,2dd8_TS166G,HL,S,-0.4573999999999998,HL,S
2dd8,2dd8_TS166V,HL,S,-1.5461399999999994,HL,S
3cfi,3cfi_GB36A,C,B,0.1593,C,B
3cfi,3cfi_GB36N,C,B,0.2975999999999992,C,B
3cfi,3cfi_DB50C,C,B,-1.8348999999999995,C,B
3cfi,3cfi_DB50G,C,B,-1.8228000000000009,C,B
3cfi,3cfi_DB50T,C,B,-1.0487000000000002,C,B
3cfi,3cfi_DB84L,C,B,-0.2673000000000005,C,B
3cfi,3cfi_RB86A,C,B,-0.3765,C,B
3cfi,3cfi_RB86T,C,B,-0.3172999999999994,C,B
3cfi,3cfi_VB90E,C,B,-0.6866000000000003,C,B
3cfi,3cfi_WB92K,C,B,-0.4054999999999999,C,B
3cfi,3cfi_PB98Y,C,B,-0.7990999999999993,C,B
3cfi,3cfi_GB100V,C,B,-16.98448,C,B
3cfi,3cfi_QB101W,C,B,0.7058,C,B
3cfi,3cfi_GB103E,C,B,-1.9559,C,B
3cfi,3cfi_VB105R,C,B,-1.6000999999999994,C,B
3cfi,3cfi_YC31P,C,B,-2.3108000000000004,C,B
3cfi,3cfi_YC31W,C,B,-3.2436000000000007,C,B
3cfi,3cfi_AC32E,C,B,-2.2852,C,B
3cfi,3cfi_GC100K,C,B,-0.7208000000000006,C,B
3cfi,3cfi_RC101W,C,B,0.5429999999999993,C,B
3ubx,3ubx_VD67W,GI,D,-0.5924999999999994,GI,D
3ubx,3ubx_SD71L,GI,D,2.470699999999999,GI,D
3ubx,3ubx_SD71Q,GI,D,0.9963999999999996,GI,D
3ubx,3ubx_SD71W,GI,D,-0.9663000000000004,GI,D
3ubx,3ubx_RD74K,GI,D,1.0398000000000014,GI,D
3ubx,3ubx_RD74V,GI,D,-0.1912000000000002,GI,D
3ubx,3ubx_DD75N,GI,D,-0.8925999999999998,GI,D
3ubx,3ubx_ED78W,GI,D,0.2298000000000009,GI,D
3ubx,3ubx_ED78D,GI,D,-1.8318999999999992,GI,D
3ubx,3ubx_LD79V,GI,D,-0.3810000000000002,GI,D
3ubx,3ubx_LD140V,GI,D,-0.0123999999999995,GI,D
3ubx,3ubx_QD149T,GI,D,-0.3010000000000001,GI,D
3ubx,3ubx_NG31A,GI,D,0.3452000000000002,GI,D
3ubx,3ubx_NG31S,GI,D,0.0062999999999995,GI,D
3ubx,3ubx_YG32R,GI,D,0.1339000000000005,GI,D
3ubx,3ubx_YG32F,GI,D,0.0275999999999996,GI,D
3ubx,3ubx_IG102G,GI,D,-0.2459000000000006,GI,D
3ubx,3ubx_WG106L,GI,D,-0.8211999999999993,GI,D
3ubx,3ubx_YI30S,GI,D,-2.4504,GI,D
3ubx,3ubx_NI31V,GI,D,0.0382999999999995,GI,D
5anm,5anm_HC35T,DC,E,-0.6619299999999999,DC,E
5anm,5anm_HC35F,DC,E,-0.0864100000000003,DC,E
5anm,5anm_LC47D,DC,E,0.3571599999999999,DC,E
5anm,5anm_DC51L,DC,E,-1.2025100000000002,DC,E
5anm,5anm_DC51G,DC,E,-1.3773000000000002,DC,E
5anm,5anm_SC57Q,DC,E,0.4756899999999997,DC,E
5anm,5anm_SC57P,DC,E,0.5242999999999998,DC,E
5anm,5anm_VD99T,DC,E,-0.4963100000000002,DC,E
5anm,5anm_ID104F,DC,E,-0.5845700000000003,DC,E
5anm,5anm_ID104N,DC,E,-1.1659800000000002,DC,E
5anm,5anm_ID104C,DC,E,-0.93162,DC,E
5anm,5anm_GD106C,DC,E,0.2253499999999997,DC,E
5anm,5anm_GD106R,DC,E,-0.5164599999999999,DC,E
5anm,5anm_GD107N,DC,E,-1.92761,DC,E
5anm,5anm_KE56R,DC,E,0.2995899999999998,DC,E
5anm,5anm_KE56L,DC,E,0.0961599999999998,DC,E
5anm,5anm_KE56A,DC,E,0.1468599999999997,DC,E
5anm,5anm_QE57A,DC,E,0.2823299999999999,DC,E
5anm,5anm_QE57D,DC,E,-0.5625400000000003,DC,E
5anm,5anm_RE58N,DC,E,-2.955067,DC,E
5usf,5usf_YA490T,D,A,0.203899999999999,D,A
5usf,5usf_GA491D,D,A,-0.2146000000000008,D,A
5usf,5usf_GA491N,D,A,0.0907999999999997,D,A
5usf,5usf_EA493M,D,A,-0.2895000000000003,D,A
5usf,5usf_TA544G,D,A,-0.1010000000000008,D,A
5usf,5usf_EA546D,D,A,-1.0746000000000002,D,A
5usf,5usf_AA558L,D,A,-0.8087,D,A
5usf,5usf_AA558H,D,A,-0.1929999999999996,D,A
5usf,5usf_SD30P,D,A,0.0672999999999994,D,A
5usf,5usf_ND31F,D,A,-1.8565000000000005,D,A
5usf,5usf_GD54F,D,A,-16.58015,D,A
5usf,5usf_TD57E,D,A,-0.3519000000000005,D,A
5usf,5usf_SD69H,D,A,-5.6115,D,A
5usf,5usf_ID70F,D,A,-0.2740000000000009,D,A
5usf,5usf_SD71F,D,A,0.3925,D,A
5usf,5usf_RD72T,D,A,-0.7111999999999998,D,A
5usf,5usf_RD72H,D,A,-0.7753999999999994,D,A
5usf,5usf_YD80A,D,A,-0.6785999999999994,D,A
5usf,5usf_YD80I,D,A,-0.062800000000001,D,A
5usf,5usf_ND101Y,D,A,0.1951,D,A
5wi9,5wi9_PB5S,FE,B,-0.5737000000000005,FE,B
5wi9,5wi9_NB7V,FE,B,0.0015999999999998,FE,B
5wi9,5wi9_WB198M,FE,B,-0.2887999999999984,FE,B
5wi9,5wi9_HB199T,FE,B,0.1782000000000003,FE,B
5wi9,5wi9_GB211S,FE,B,-0.0602000000000018,FE,B
5wi9,5wi9_HB252Y,FE,B,-0.0153999999999996,FE,B
5wi9,5wi9_GB253T,FE,B,-0.2104999999999997,FE,B
5wi9,5wi9_GB282Y,FE,B,-28.1671,FE,B
5wi9,5wi9_PB327S,FE,B,-0.1143999999999998,FE,B
5wi9,5wi9_RB370N,FE,B,-1.0481999999999996,FE,B
5wi9,5wi9_EE1S,FE,B,0.1650999999999989,FE,B
5wi9,5wi9_IE2H,FE,B,-1.8655000000000008,FE,B
5wi9,5wi9_GE93T,FE,B,0.0314000000000014,FE,B
5wi9,5wi9_SE94E,FE,B,-4.744400000000001,FE,B
5wi9,5wi9_SE95F,FE,B,0.8335000000000008,FE,B
5wi9,5wi9_SF55H,FE,B,0.4909999999999996,FE,B
5wi9,5wi9_AF102L,FE,B,0.6523000000000003,FE,B
5wi9,5wi9_GF103S,FE,B,-0.610100000000001,FE,B
5wi9,5wi9_HF105D,FE,B,-1.6564999999999994,FE,B
5wi9,5wi9_HF105T,FE,B,-1.9095999999999995,FE,B
6aod,6aod_RA17S,BA,C,0.1632999999999995,BA,C
6aod,6aod_QA20F,BA,C,-1.4380000000000006,BA,C
6aod,6aod_IA86P,BA,C,-0.9848999999999996,BA,C
6aod,6aod_YB33C,BA,C,-1.0652000000000008,BA,C
6aod,6aod_TB58V,BA,C,-0.0605000000000011,BA,C
6aod,6aod_RC26D,BA,C,0.0162999999999993,BA,C
6aod,6aod_HC44P,BA,C,0.6969999999999992,BA,C
6aod,6aod_MC87G,BA,C,-0.6791999999999998,BA,C
6aod,6aod_DC93C,BA,C,0.0865999999999989,BA,C
6aod,6aod_LC137W,BA,C,-1.2118000000000002,BA,C
6aod,6aod_RC138N,BA,C,-1.5311000000000003,BA,C
6aod,6aod_RC138V,BA,C,-1.1707999999999998,BA,C
6aod,6aod_DC139L,BA,C,1.5916999999999994,BA,C
6aod,6aod_KC140T,BA,C,-1.0159000000000002,BA,C
6aod,6aod_KC140S,BA,C,-1.3704999999999998,BA,C
6aod,6aod_HC165Q,BA,C,0.1825999999999989,BA,C
6aod,6aod_DC182W,BA,C,-3.6494,BA,C
6aod,6aod_CC184W,BA,C,-0.0765000000000011,BA,C
6aod,6aod_WC208E,BA,C,0.587299999999999,BA,C
6aod,6aod_GC211R,BA,C,-1.0721000000000007,BA,C
6dc3,6dc3_NF37W,HL,F,-2.8192500000000003,HL,F
6dc3,6dc3_LF111P,HL,F,0.8962999999999983,HL,F
6dc3,6dc3_KF135V,HL,F,-0.6001000000000012,HL,F
6dc3,6dc3_KF140N,HL,F,1.9332999999999991,HL,F
6dc3,6dc3_LF143M,HL,F,-0.876100000000001,HL,F
6dc3,6dc3_LF143C,HL,F,-1.262500000000001,HL,F
6dc3,6dc3_KF148A,HL,F,-0.7024000000000008,HL,F
6dc3,6dc3_EF234S,HL,F,2.0768999999999984,HL,F
6dc3,6dc3_YH53P,HL,F,-0.0111000000000007,HL,F
6dc3,6dc3_TH56P,HL,F,-0.6133000000000006,HL,F
6dc3,6dc3_YH59I,HL,F,0.8085999999999984,HL,F
6dc3,6dc3_YH105V,HL,F,0.3424999999999993,HL,F
6dc3,6dc3_YH105H,HL,F,-0.4283000000000001,HL,F
6dc3,6dc3_WH107L,HL,F,0.7525999999999993,HL,F
6dc3,6dc3_YH110S,HL,F,-2.03796,HL,F
6dc3,6dc3_YH110N,HL,F,-1.1796000000000006,HL,F
6dc3,6dc3_YL32T,HL,F,-3.2280800000000003,HL,F
6dc3,6dc3_YL32C,HL,F,-2.328930000000001,HL,F
6dc3,6dc3_VL33R,HL,F,-0.1094000000000008,HL,F
6dc3,6dc3_YL34P,HL,F,-0.4109000000000016,HL,F
6h02,6h02_EA1013G,B,A,-1.738900000000001,B,A
6h02,6h02_KA1120R,B,A,1.6306999999999974,B,A
6h02,6h02_EA1121N,B,A,0.1254999999999988,B,A
6h02,6h02_EA1158I,B,A,-2.089600000000001,B,A
6h02,6h02_PA1159Q,B,A,-0.2705000000000019,B,A
6h02,6h02_IA1162G,B,A,-1.1418,B,A
6h02,6h02_IA1162W,B,A,-10.699700000000002,B,A
6h02,6h02_IA1162T,B,A,-0.6171000000000006,B,A
6h02,6h02_VA1169T,B,A,-0.3724000000000025,B,A
6h02,6h02_KA1229Q,B,A,-0.0436000000000014,B,A
6h02,6h02_VA1234T,B,A,-0.6419000000000032,B,A
6h02,6h02_QB1S,B,A,-1.1001000000000012,B,A
6h02,6h02_QB1I,B,A,-0.1350000000000015,B,A
6h02,6h02_GB29F,B,A,1.0352999999999994,B,A
6h02,6h02_SB30N,B,A,0.0614999999999987,B,A
6h02,6h02_YB32D,B,A,-1.226700000000001,B,A
6h02,6h02_YB105E,B,A,-2.4068000000000005,B,A
6h02,6h02_RB109P,B,A,1.170099999999998,B,A
6h02,6h02_EB112W,B,A,0.9274999999999984,B,A
6h02,6h02_YB113P,B,A,-2.918700000000001,B,A
6mfp,6mfp_FA10I,CD,A,-0.9291999999999998,CD,A
6mfp,6mfp_FA10A,CD,A,-1.7131000000000007,CD,A
6mfp,6mfp_TA28F,CD,A,-0.2113000000000013,CD,A
6mfp,6mfp_CA31K,CD,A,0.0037999999999982,CD,A
6mfp,6mfp_NA37M,CD,A,-0.1643000000000007,CD,A
6mfp,6mfp_TA103F,CD,A,-3.0429000000000013,CD,A
6mfp,6mfp_TA103Q,CD,A,0.030899999999999,CD,A
6mfp,6mfp_TA103A,CD,A,0.1189999999999997,CD,A
6mfp,6mfp_PA104M,CD,A,-0.103200000000001,CD,A
6mfp,6mfp_VA129K,CD,A,-0.0944000000000002,CD,A
6mfp,6mfp_EA341H,CD,A,-0.1491000000000006,CD,A
6mfp,6mfp_DC33S,CD,A,-1.1366000000000014,CD,A
6mfp,6mfp_WC50M,CD,A,-0.3569000000000013,CD,A
6mfp,6mfp_WC50H,CD,A,-0.9609000000000004,CD,A
6mfp,6mfp_NC52D,CD,A,-0.9220000000000006,CD,A
6mfp,6mfp_YC107H,CD,A,-0.0977000000000014,CD,A
6mfp,6mfp_DD1K,CD,A,1.5128999999999984,CD,A
6mfp,6mfp_FD29T,CD,A,-1.1174999999999995,CD,A
6mfp,6mfp_ND31Y,CD,A,-0.2392000000000003,CD,A
6mfp,6mfp_AD50L,CD,A,-0.7645999999999997,CD,A
6pzz,6pzz_NA249E,HL,A,0.2344000000000008,HL,A
6pzz,6pzz_DA250V,HL,A,0.0396,HL,A
6pzz,6pzz_PA251S,HL,A,0.5332000000000008,HL,A
6pzz,6pzz_IA253H,HL,A,0.5069999999999997,HL,A
6pzz,6pzz_KA255Q,HL,A,-0.389899999999999,HL,A
6pzz,6pzz_DA258M,HL,A,0.0926000000000009,HL,A
6pzz,6pzz_YA260Q,HL,A,-0.8262999999999998,HL,A
6pzz,6pzz_SH31V,HL,A,-3.26975,HL,A
6pzz,6pzz_YH32H,HL,A,-0.0902999999999991,HL,A
6pzz,6pzz_YH32R,HL,A,-1.1331299999999995,HL,A
6pzz,6pzz_YH32G,HL,A,-0.4314,HL,A
6pzz,6pzz_IH100D,HL,A,-0.3305999999999987,HL,A
6pzz,6pzz_DH106G,HL,A,-0.6883999999999997,HL,A
6pzz,6pzz_DH106W,HL,A,-6.239929999999999,HL,A
6pzz,6pzz_DH106L,HL,A,0.4141000000000012,HL,A
6pzz,6pzz_SL31M,HL,A,-0.6976999999999993,HL,A
6pzz,6pzz_YL32V,HL,A,-1.99569,HL,A
6pzz,6pzz_AL50C,HL,A,-0.4097999999999988,HL,A
6pzz,6pzz_AL50D,HL,A,-1.4355899999999997,HL,A
6pzz,6pzz_LL54V,HL,A,-0.2012999999999998,HL,A
6r8x,6r8x_RA22Y,CB,A,0.4633000000000002,CB,A
6r8x,6r8x_HA40K,CB,A,-0.0797000000000025,CB,A
6r8x,6r8x_HA40S,CB,A,-1.3063000000000002,CB,A
6r8x,6r8x_RA131E,CB,A,-0.277000000000001,CB,A
6r8x,6r8x_RA131H,CB,A,-0.5061999999999998,CB,A
6r8x,6r8x_KA132S,CB,A,-1.211500000000001,CB,A
6r8x,6r8x_DA135G,CB,A,-0.8462000000000032,CB,A
6r8x,6r8x_KA136N,CB,A,0.0106000000000001,CB,A
6r8x,6r8x_SA180I,CB,A,0.3397999999999967,CB,A
6r8x,6r8x_SA180N,CB,A,-0.3506999999999998,CB,A
6r8x,6r8x_SA199M,CB,A,-0.2829000000000015,CB,A
6r8x,6r8x_SB29P,CB,A,0.131499999999999,CB,A
6r8x,6r8x_NB30I,CB,A,-1.2574000000000003,CB,A
6r8x,6r8x_DB31N,CB,A,0.7162999999999968,CB,A
6r8x,6r8x_KB49D,CB,A,-1.9470000000000027,CB,A
6r8x,6r8x_VB97R,CB,A,-0.5638000000000005,CB,A
6r8x,6r8x_EC99W,CB,A,-0.8277999999999999,CB,A
6r8x,6r8x_SC101M,CB,A,1.0967999999999982,CB,A
6r8x,6r8x_LC103N,CB,A,-2.0195000000000007,CB,A
6r8x,6r8x_SC105D,CB,A,-0.8416000000000032,CB,A
6raf,6raf_TB354P,C,B,0.1223999999999989,C,B
6raf,6raf_PB358C,C,B,-0.4440999999999988,C,B
6raf,6raf_WB537Q,C,B,-2.7564,C,B
6raf,6raf_WB537I,C,B,-1.938600000000001,C,B
6raf,6raf_WB537K,C,B,-2.1511,C,B
6raf,6raf_IB546C,C,B,-0.9195999999999992,C,B
6raf,6raf_IB546P,C,B,-0.0572999999999979,C,B
6raf,6raf_EB548M,C,B,0.9636999999999992,C,B
6raf,6raf_GB550F,C,B,-3.6555,C,B
6raf,6raf_SB554H,C,B,-9.14981,C,B
6raf,6raf_LB555D,C,B,-1.4778999999999982,C,B
6raf,6raf_AB558W,C,B,-30.8801,C,B
6raf,6raf_SC50V,C,B,-0.1958999999999982,C,B
6raf,6raf_TC53P,C,B,0.4648000000000003,C,B
6raf,6raf_TC53F,C,B,-2.4542,C,B
6raf,6raf_TC98V,C,B,0.2830000000000012,C,B
6raf,6raf_AC99N,C,B,-2.504999999999999,C,B
6raf,6raf_VC100Q,C,B,-0.6993000000000009,C,B
6raf,6raf_VC100F,C,B,-0.9133999999999992,C,B
6raf,6raf_LC102E,C,B,-1.5555999999999983,C,B
7bud,7bud_TB69N,GI,B,0.623969,GI,B
7bud,7bud_TB69H,GI,B,-0.201218,GI,B
7bud,7bud_AB71D,GI,B,0.8353929999999999,GI,B
7bud,7bud_AB71Q,GI,B,-0.545615,GI,B
7bud,7bud_NB83W,GI,B,0.1585909999999999,GI,B
7bud,7bud_NB83V,GI,B,-0.0119319999999999,GI,B
7bud,7bud_GB104T,GI,B,-0.7151689999999999,GI,B
7bud,7bud_GG55F,GI,B,0.980003,GI,B
7bud,7bud_GG55Q,GI,B,0.0909269999999999,GI,B
7bud,7bud_GG55V,GI,B,0.510472,GI,B
7bud,7bud_GG56S,GI,B,-7.611737,GI,B
7bud,7bud_GG56V,GI,B,-11.400257,GI,B
7bud,7bud_SG57G,GI,B,-0.3715218,GI,B
7bud,7bud_SG57P,GI,B,-0.057449,GI,B
7bud,7bud_TG58I,GI,B,0.04775,GI,B
7bud,7bud_RG72Q,GI,B,0.142506,GI,B
7bud,7bud_RG72H,GI,B,0.073546,GI,B
7bud,7bud_RG72S,GI,B,0.1892829999999999,GI,B
7bud,7bud_RG72K,GI,B,0.324827,GI,B
7bud,7bud_PG108R,GI,B,-0.610206,GI,B
7czw,7czw_YC371C,JN,C,0.8762400000000001,JN,C
7czw,7czw_YC375Q,JN,C,0.1232299999999999,JN,C
7czw,7czw_YC375I,JN,C,0.5495899999999998,JN,C
7czw,7czw_YC375K,JN,C,0.7023000000000001,JN,C
7czw,7czw_FC378C,JN,C,0.9993,JN,C
7czw,7czw_FC378P,JN,C,1.374,JN,C
7czw,7czw_GC407M,JN,C,1.43653,JN,C
7czw,7czw_CC410F,JN,C,0.75719,JN,C
7czw,7czw_FC412H,JN,C,-0.0968199999999999,JN,C
7czw,7czw_LC414D,JN,C,0.1352299999999999,JN,C
7czw,7czw_QC415W,JN,C,2.5672200000000003,JN,C
7czw,7czw_YJ34V,JN,C,0.1797599999999999,JN,C
7czw,7czw_YJ55P,JN,C,0.6488499999999999,JN,C
7czw,7czw_YJ55F,JN,C,0.7341000000000002,JN,C
7czw,7czw_RJ101V,JN,C,0.5827499999999999,JN,C
7czw,7czw_YJ103R,JN,C,-1.149728,JN,C
7czw,7czw_YJ104Q,JN,C,-0.59619,JN,C
7czw,7czw_YJ104F,JN,C,0.5609899999999999,JN,C
7czw,7czw_RJ108G,JN,C,2.08583,JN,C
7czw,7czw_YN51P,JN,C,0.6693699999999998,JN,C
7mdp,7mdp_KA5S,HI,A,-1.5580999999999996,HI,A
7mdp,7mdp_QA25C,HI,A,0.1279000000000003,HI,A
7mdp,7mdp_IA36Q,HI,A,-0.8455999999999992,HI,A
7mdp,7mdp_IA36L,HI,A,-1.2331000000000003,HI,A
7mdp,7mdp_IA36M,HI,A,0.1239000000000007,HI,A
7mdp,7mdp_SA39C,HI,A,1.0695999999999994,HI,A
7mdp,7mdp_SA39F,HI,A,-1.8000000000000007,HI,A
7mdp,7mdp_RA41M,HI,A,-0.1689000000000007,HI,A
7mdp,7mdp_LA56F,HI,A,-0.1823999999999994,HI,A
7mdp,7mdp_QA70I,HI,A,0.2251999999999991,HI,A
7mdp,7mdp_YA71D,HI,A,-1.4464000000000006,HI,A
7mdp,7mdp_TA74W,HI,A,0.5335999999999999,HI,A
7mdp,7mdp_GH27V,HI,A,-1.1326,HI,A
7mdp,7mdp_SH31P,HI,A,-0.2929999999999992,HI,A
7mdp,7mdp_SH31F,HI,A,0.3206000000000006,HI,A
7mdp,7mdp_YH53V,HI,A,-0.3032000000000003,HI,A
7mdp,7mdp_RH98N,HI,A,-1.7766000000000002,HI,A
7mdp,7mdp_SH102Q,HI,A,0.08,HI,A
7mdp,7mdp_SH102F,HI,A,0.3772000000000002,HI,A
7mdp,7mdp_YH104E,HI,A,-2.0666,HI,A
7my3,7my3_YB275C,D,B,-0.5584110000000001,D,B
7my3,7my3_NB276I,D,B,0.26288,D,B
7my3,7my3_AB278Y,D,B,1.46616,D,B
7my3,7my3_SB279E,D,B,0.3365799999999999,D,B
7my3,7my3_FB280C,D,B,0.0253999999999998,D,B
7my3,7my3_SB281E,D,B,0.0360899999999999,D,B
7my3,7my3_SB281I,D,B,2.46845,D,B
7my3,7my3_KB284E,D,B,-1.366568,D,B
7my3,7my3_KB284R,D,B,1.1505199999999998,D,B
7my3,7my3_YB286K,D,B,0.4983199999999999,D,B
7my3,7my3_GB310N,D,B,-1.867875,D,B
7my3,7my3_DB311Q,D,B,1.51235,D,B
7my3,7my3_VB409N,D,B,-0.6379630000000001,D,B
7my3,7my3_VB409M,D,B,-1.390268,D,B
7my3,7my3_QB412H,D,B,-0.315571,D,B
7my3,7my3_VD2S,D,B,-0.4954510000000001,D,B
7my3,7my3_TD23G,D,B,-0.0695700000000001,D,B
7my3,7my3_TD23H,D,B,0.6747399999999999,D,B
7my3,7my3_GD26N,D,B,-2.62293,D,B
7my3,7my3_TD28R,D,B,-1.1988115,D,B
7r7n,7r7n_YE115W,HL,E,-0.0212000000000003,HL,E
7r7n,7r7n_YE115T,HL,E,-0.9654999999999988,HL,E
7r7n,7r7n_YE115V,HL,E,-0.7428999999999988,HL,E
7r7n,7r7n_VE149F,HL,E,1.0497000000000014,HL,E
7r7n,7r7n_VE149P,HL,E,-0.2780999999999984,HL,E
7r7n,7r7n_EE150M,HL,E,0.4954999999999998,HL,E
7r7n,7r7n_GE151A,HL,E,-1.7200999999999986,HL,E
7r7n,7r7n_LE158D,HL,E,-0.4227999999999987,HL,E
7r7n,7r7n_GH18T,HL,E,-0.7189000000000014,HL,E
7r7n,7r7n_PH19V,HL,E,-0.8162999999999982,HL,E
7r7n,7r7n_SH22H,HL,E,-2.202100000000001,HL,E
7r7n,7r7n_SH22G,HL,E,-0.7486999999999995,HL,E
7r7n,7r7n_MH45S,HL,E,-2.7302,HL,E
7r7n,7r7n_VH46Q,HL,E,-0.5551999999999992,HL,E
7r7n,7r7n_NH50V,HL,E,0.9787999999999996,HL,E
7r7n,7r7n_YL81K,HL,E,-1.5650000000000013,HL,E
7r7n,7r7n_YL81T,HL,E,-1.5939000000000014,HL,E
7r7n,7r7n_TL83L,HL,E,0.9166999999999988,HL,E
7r7n,7r7n_TL83Q,HL,E,0.9202000000000012,HL,E
7r7n,7r7n_RL85C,HL,E,-2.8801000000000005,HL,E
7tfo,7tfo_TB71Y,IJ,B,1.4393400000000005,IJ,B
7tfo,7tfo_IB74Q,IJ,B,-0.5738399999999997,IJ,B
7tfo,7tfo_IB127Y,IJ,B,-0.0585000000000004,IJ,B
7tfo,7tfo_AB133H,IJ,B,0.5216599999999998,IJ,B
7tfo,7tfo_AB133T,IJ,B,0.50746,IJ,B
7tfo,7tfo_SB290H,IJ,B,1.9677999999999995,IJ,B
7tfo,7tfo_SB290G,IJ,B,1.2976699999999992,IJ,B
7tfo,7tfo_GB292N,IJ,B,-1.0544000000000002,IJ,B
7tfo,7tfo_DB293W,IJ,B,0.1520599999999996,IJ,B
7tfo,7tfo_VB296P,IJ,B,-0.4991200000000004,IJ,B
7tfo,7tfo_QB336D,IJ,B,0.2122700000000001,IJ,B
7tfo,7tfo_IB338Y,IJ,B,-4.48969,IJ,B
7tfo,7tfo_RI31S,IJ,B,0.1329500000000001,IJ,B
7tfo,7tfo_VI52M,IJ,B,0.8019799999999995,IJ,B
7tfo,7tfo_RJ16F,IJ,B,-0.2002399999999999,IJ,B
7tfo,7tfo_EJ29G,IJ,B,-0.1826800000000004,IJ,B
7tfo,7tfo_YJ30D,IJ,B,-0.5402300000000002,IJ,B
7tfo,7tfo_SJ31N,IJ,B,0.1562799999999997,IJ,B
7tfo,7tfo_NJ51P,IJ,B,0.23231,IJ,B
7tfo,7tfo_RJ66I,IJ,B,0.43818,IJ,B
